method,search_seed,training_seed,evaluation_index,budget,phase,architecture,parent_architecture,mutation_type,fitness,final_val_accuracy,best_val_accuracy,parameter_count,training_time,population_age_order
RE,2702,20260827,1,30,initialization,"{""normal"":{""pairs"":[{""branch_1"":{""input_state"":0,""op"":""dil_sep_conv_3x3""},""branch_2"":{""input_state"":1,""op"":""max_pool_3x3""}},{""branch_1"":{""input_state"":1,""op"":""sep_conv_3x3""},""branch_2"":{""input_state"":1,""op"":""sep_conv_3x3""}},{""branch_1"":{""input_state"":3,""op"":""avg_pool_3x3""},""branch_2"":{""input_state"":3,""op"":""sep_conv_3x3""}},{""branch_1"":{""input_state"":3,""op"":""sep_conv_3x3""},""branch_2"":{""input_state"":1,""op"":""sep_conv_7x7""}},{""branch_1"":{""input_state"":3,""op"":""sep_conv_3x3""},""branch_2"":{""input_state"":3,""op"":""sep_conv_5x5""}}]},""reduction"":{""pairs"":[{""branch_1"":{""input_state"":0,""op"":""sep_conv_7x7""},""branch_2"":{""input_state"":1,""op"":""conv_1x7_7x1""}},{""branch_1"":{""input_state"":2,""op"":""sep_conv_5x5""},""branch_2"":{""input_state"":1,""op"":""sep_conv_5x5""}},{""branch_1"":{""input_state"":1,""op"":""sep_conv_5x5""},""branch_2"":{""input_state"":1,""op"":""avg_pool_3x3""}},{""branch_1"":{""input_state"":0,""op"":""avg_pool_3x3""},""branch_2"":{""input_state"":1,""op"":""max_pool_3x3""}},{""branch_1"":{""input_state"":5,""op"":""conv_1x7_7x1""},""branch_2"":{""input_state"":5,""op"":""identity""}}]}}",,random_initialization,0.7518,0.7518,0.7518,1185730,151.98750879999716,"{""ages_in_evaluations"":[0],""oldest_to_youngest_evaluation_indices"":[1]}"
RE,2702,20260828,2,30,initialization,"{""normal"":{""pairs"":[{""branch_1"":{""input_state"":0,""op"":""identity""},""branch_2"":{""input_state"":1,""op"":""sep_conv_3x3""}},{""branch_1"":{""input_state"":0,""op"":""identity""},""branch_2"":{""input_state"":2,""op"":""sep_conv_7x7""}},{""branch_1"":{""input_state"":2,""op"":""avg_pool_3x3""},""branch_2"":{""input_state"":2,""op"":""max_pool_3x3""}},{""branch_1"":{""input_state"":1,""op"":""sep_conv_5x5""},""branch_2"":{""input_state"":3,""op"":""dil_sep_conv_3x3""}},{""branch_1"":{""input_state"":1,""op"":""sep_conv_3x3""},""branch_2"":{""input_state"":5,""op"":""sep_conv_5x5""}}]},""reduction"":{""pairs"":[{""branch_1"":{""input_state"":1,""op"":""avg_pool_3x3""},""branch_2"":{""input_state"":1,""op"":""sep_conv_7x7""}},{""branch_1"":{""input_state"":2,""op"":""sep_conv_3x3""},""branch_2"":{""input_state"":1,""op"":""sep_conv_5x5""}},{""branch_1"":{""input_state"":1,""op"":""sep_conv_5x5""},""branch_2"":{""input_state"":2,""op"":""max_pool_3x3""}},{""branch_1"":{""input_state"":3,""op"":""sep_conv_7x7""},""branch_2"":{""input_state"":0,""op"":""sep_conv_7x7""}},{""branch_1"":{""input_state"":1,""op"":""sep_conv_5x5""},""branch_2"":{""input_state"":5,""op"":""conv_1x7_7x1""}}]}}",,random_initialization,0.8044,0.8044,0.8044,975946,132.89455749999615,"{""ages_in_evaluations"":[1,0],""oldest_to_youngest_evaluation_indices"":[1,2]}"
RE,2702,20260829,3,30,initialization,"{""normal"":{""pairs"":[{""branch_1"":{""input_state"":1,""op"":""sep_conv_3x3""},""branch_2"":{""input_state"":1,""op"":""dil_sep_conv_3x3""}},{""branch_1"":{""input_state"":0,""op"":""identity""},""branch_2"":{""input_state"":1,""op"":""sep_conv_7x7""}},{""branch_1"":{""input_state"":3,""op"":""max_pool_3x3""},""branch_2"":{""input_state"":1,""op"":""dil_sep_conv_3x3""}},{""branch_1"":{""input_state"":0,""op"":""sep_conv_7x7""},""branch_2"":{""input_state"":0,""op"":""dil_sep_conv_3x3""}},{""branch_1"":{""input_state"":4,""op"":""dil_sep_conv_3x3""},""branch_2"":{""input_state"":2,""op"":""max_pool_3x3""}}]},""reduction"":{""pairs"":[{""branch_1"":{""input_state"":0,""op"":""sep_conv_7x7""},""branch_2"":{""input_state"":1,""op"":""avg_pool_3x3""}},{""branch_1"":{""input_state"":0,""op"":""max_pool_3x3""},""branch_2"":{""input_state"":2,""op"":""identity""}},{""branch_1"":{""input_state"":0,""op"":""identity""},""branch_2"":{""input_state"":0,""op"":""identity""}},{""branch_1"":{""input_state"":0,""op"":""dil_sep_conv_3x3""},""branch_2"":{""input_state"":1,""op"":""conv_1x7_7x1""}},{""branch_1"":{""input_state"":4,""op"":""conv_1x7_7x1""},""branch_2"":{""input_state"":2,""op"":""sep_conv_5x5""}}]}}",,random_initialization,0.7646,0.7646,0.7646,993586,143.63401569999405,"{""ages_in_evaluations"":[2,1,0],""oldest_to_youngest_evaluation_indices"":[1,2,3]}"
RE,2702,20260830,4,30,initialization,"{""normal"":{""pairs"":[{""branch_1"":{""input_state"":1,""op"":""conv_1x7_7x1""},""branch_2"":{""input_state"":1,""op"":""conv_1x7_7x1""}},{""branch_1"":{""input_state"":1,""op"":""avg_pool_3x3""},""branch_2"":{""input_state"":0,""op"":""max_pool_3x3""}},{""branch_1"":{""input_state"":3,""op"":""identity""},""branch_2"":{""input_state"":0,""op"":""max_pool_3x3""}},{""branch_1"":{""input_state"":3,""op"":""sep_conv_7x7""},""branch_2"":{""input_state"":4,""op"":""max_pool_3x3""}},{""branch_1"":{""input_state"":3,""op"":""avg_pool_3x3""},""branch_2"":{""input_state"":3,""op"":""conv_1x7_7x1""}}]},""reduction"":{""pairs"":[{""branch_1"":{""input_state"":0,""op"":""dil_sep_conv_3x3""},""branch_2"":{""input_state"":1,""op"":""sep_conv_5x5""}},{""branch_1"":{""input_state"":0,""op"":""max_pool_3x3""},""branch_2"":{""input_state"":2,""op"":""identity""}},{""branch_1"":{""input_state"":2,""op"":""sep_conv_3x3""},""branch_2"":{""input_state"":2,""op"":""sep_conv_7x7""}},{""branch_1"":{""input_state"":4,""op"":""conv_1x7_7x1""},""branch_2"":{""input_state"":4,""op"":""sep_conv_3x3""}},{""branch_1"":{""input_state"":1,""op"":""conv_1x7_7x1""},""branch_2"":{""input_state"":4,""op"":""sep_conv_5x5""}}]}}",,random_initialization,0.8092,0.8092,0.8092,732214,134.78566730002058,"{""ages_in_evaluations"":[3,2,1,0],""oldest_to_youngest_evaluation_indices"":[1,2,3,4]}"
RE,2702,20260831,5,30,initialization,"{""normal"":{""pairs"":[{""branch_1"":{""input_state"":1,""op"":""sep_conv_5x5""},""branch_2"":{""input_state"":0,""op"":""avg_pool_3x3""}},{""branch_1"":{""input_state"":2,""op"":""dil_sep_conv_3x3""},""branch_2"":{""input_state"":1,""op"":""sep_conv_7x7""}},{""branch_1"":{""input_state"":1,""op"":""sep_conv_7x7""},""branch_2"":{""input_state"":2,""op"":""max_pool_3x3""}},{""branch_1"":{""input_state"":2,""op"":""sep_conv_3x3""},""branch_2"":{""input_state"":1,""op"":""sep_conv_7x7""}},{""branch_1"":{""input_state"":2,""op"":""sep_conv_3x3""},""branch_2"":{""input_state"":5,""op"":""sep_conv_7x7""}}]},""reduction"":{""pairs"":[{""branch_1"":{""input_state"":0,""op"":""conv_1x7_7x1""},""branch_2"":{""input_state"":1,""op"":""max_pool_3x3""}},{""branch_1"":{""input_state"":1,""op"":""sep_conv_5x5""},""branch_2"":{""input_state"":1,""op"":""dil_sep_conv_3x3""}},{""branch_1"":{""input_state"":1,""op"":""sep_conv_5x5""},""branch_2"":{""input_state"":1,""op"":""dil_sep_conv_3x3""}},{""branch_1"":{""input_state"":1,""op"":""dil_sep_conv_3x3""},""branch_2"":{""input_state"":1,""op"":""dil_sep_conv_3x3""}},{""branch_1"":{""input_state"":0,""op"":""max_pool_3x3""},""branch_2"":{""input_state"":0,""op"":""identity""}}]}}",,random_initialization,0.757,0.757,0.757,1329994,172.4152578000212,"{""ages_in_evaluations"":[4,3,2,1,0],""oldest_to_youngest_evaluation_indices"":[1,2,3,4,5]}"
RE,2702,20260832,6,30,initialization,"{""normal"":{""pairs"":[{""branch_1"":{""input_state"":1,""op"":""sep_conv_7x7""},""branch_2"":{""input_state"":0,""op"":""conv_1x7_7x1""}},{""branch_1"":{""input_state"":2,""op"":""dil_sep_conv_3x3""},""branch_2"":{""input_state"":0,""op"":""identity""}},{""branch_1"":{""input_state"":3,""op"":""conv_1x7_7x1""},""branch_2"":{""input_state"":0,""op"":""dil_sep_conv_3x3""}},{""branch_1"":{""input_state"":0,""op"":""avg_pool_3x3""},""branch_2"":{""input_state"":3,""op"":""conv_1x7_7x1""}},{""branch_1"":{""input_state"":0,""op"":""sep_conv_5x5""},""branch_2"":{""input_state"":5,""op"":""conv_1x7_7x1""}}]},""reduction"":{""pairs"":[{""branch_1"":{""input_state"":0,""op"":""sep_conv_7x7""},""branch_2"":{""input_state"":1,""op"":""sep_conv_5x5""}},{""branch_1"":{""input_state"":2,""op"":""identity""},""branch_2"":{""input_state"":0,""op"":""dil_sep_conv_3x3""}},{""branch_1"":{""input_state"":0,""op"":""sep_conv_3x3""},""branch_2"":{""input_state"":2,""op"":""identity""}},{""branch_1"":{""input_state"":2,""op"":""conv_1x7_7x1""},""branch_2"":{""input_state"":4,""op"":""dil_sep_conv_3x3""}},{""branch_1"":{""input_state"":4,""op"":""avg_pool_3x3""},""branch_2"":{""input_state"":2,""op"":""identity""}}]}}",,random_initialization,0.6414,0.6414,0.6414,937498,169.81152960000327,"{""ages_in_evaluations"":[5,4,3,2,1,0],""oldest_to_youngest_evaluation_indices"":[1,2,3,4,5,6]}"
RE,2702,20260833,7,30,initialization,"{""normal"":{""pairs"":[{""branch_1"":{""input_state"":0,""op"":""sep_conv_3x3""},""branch_2"":{""input_state"":0,""op"":""dil_sep_conv_3x3""}},{""branch_1"":{""input_state"":2,""op"":""sep_conv_5x5""},""branch_2"":{""input_state"":2,""op"":""sep_conv_7x7""}},{""branch_1"":{""input_state"":1,""op"":""max_pool_3x3""},""branch_2"":{""input_state"":3,""op"":""avg_pool_3x3""}},{""branch_1"":{""input_state"":2,""op"":""avg_pool_3x3""},""branch_2"":{""input_state"":2,""op"":""sep_conv_7x7""}},{""branch_1"":{""input_state"":1,""op"":""avg_pool_3x3""},""branch_2"":{""input_state"":5,""op"":""dil_sep_conv_3x3""}}]},""reduction"":{""pairs"":[{""branch_1"":{""input_state"":1,""op"":""identity""},""branch_2"":{""input_state"":1,""op"":""sep_conv_5x5""}},{""branch_1"":{""input_state"":0,""op"":""conv_1x7_7x1""},""branch_2"":{""input_state"":2,""op"":""sep_conv_5x5""}},{""branch_1"":{""input_state"":2,""op"":""conv_1x7_7x1""},""branch_2"":{""input_state"":1,""op"":""max_pool_3x3""}},{""branch_1"":{""input_state"":3,""op"":""sep_conv_7x7""},""branch_2"":{""input_state"":4,""op"":""max_pool_3x3""}},{""branch_1"":{""input_state"":2,""op"":""sep_conv_7x7""},""branch_2"":{""input_state"":0,""op"":""sep_conv_3x3""}}]}}",,random_initialization,0.768,0.768,0.768,959746,138.17432969997753,"{""ages_in_evaluations"":[6,5,4,3,2,1,0],""oldest_to_youngest_evaluation_indices"":[1,2,3,4,5,6,7]}"
RE,2702,20260834,8,30,initialization,"{""normal"":{""pairs"":[{""branch_1"":{""input_state"":1,""op"":""identity""},""branch_2"":{""input_state"":0,""op"":""max_pool_3x3""}},{""branch_1"":{""input_state"":0,""op"":""dil_sep_conv_3x3""},""branch_2"":{""input_state"":1,""op"":""dil_sep_conv_3x3""}},{""branch_1"":{""input_state"":1,""op"":""identity""},""branch_2"":{""input_state"":3,""op"":""identity""}},{""branch_1"":{""input_state"":2,""op"":""sep_conv_7x7""},""branch_2"":{""input_state"":1,""op"":""conv_1x7_7x1""}},{""branch_1"":{""input_state"":3,""op"":""identity""},""branch_2"":{""input_state"":4,""op"":""max_pool_3x3""}}]},""reduction"":{""pairs"":[{""branch_1"":{""input_state"":0,""op"":""avg_pool_3x3""},""branch_2"":{""input_state"":0,""op"":""conv_1x7_7x1""}},{""branch_1"":{""input_state"":2,""op"":""sep_conv_3x3""},""branch_2"":{""input_state"":0,""op"":""sep_conv_5x5""}},{""branch_1"":{""input_state"":2,""op"":""dil_sep_conv_3x3""},""branch_2"":{""input_state"":2,""op"":""dil_sep_conv_3x3""}},{""branch_1"":{""input_state"":2,""op"":""identity""},""branch_2"":{""input_state"":3,""op"":""avg_pool_3x3""}},{""branch_1"":{""input_state"":0,""op"":""max_pool_3x3""},""branch_2"":{""input_state"":5,""op"":""dil_sep_conv_3x3""}}]}}",,random_initialization,0.7778,0.7778,0.7778,683014,109.49407339998288,"{""ages_in_evaluations"":[7,6,5,4,3,2,1,0],""oldest_to_youngest_evaluation_indices"":[1,2,3,4,5,6,7,8]}"
RE,2702,20260835,9,30,initialization,"{""normal"":{""pairs"":[{""branch_1"":{""input_state"":0,""op"":""sep_conv_3x3""},""branch_2"":{""input_state"":1,""op"":""avg_pool_3x3""}},{""branch_1"":{""input_state"":0,""op"":""conv_1x7_7x1""},""branch_2"":{""input_state"":0,""op"":""conv_1x7_7x1""}},{""branch_1"":{""input_state"":0,""op"":""conv_1x7_7x1""},""branch_2"":{""input_state"":2,""op"":""sep_conv_5x5""}},{""branch_1"":{""input_state"":3,""op"":""avg_pool_3x3""},""branch_2"":{""input_state"":0,""op"":""dil_sep_conv_3x3""}},{""branch_1"":{""input_state"":0,""op"":""sep_conv_3x3""},""branch_2"":{""input_state"":5,""op"":""sep_conv_7x7""}}]},""reduction"":{""pairs"":[{""branch_1"":{""input_state"":0,""op"":""sep_conv_5x5""},""branch_2"":{""input_state"":1,""op"":""sep_conv_3x3""}},{""branch_1"":{""input_state"":0,""op"":""sep_conv_7x7""},""branch_2"":{""input_state"":1,""op"":""avg_pool_3x3""}},{""branch_1"":{""input_state"":0,""op"":""conv_1x7_7x1""},""branch_2"":{""input_state"":1,""op"":""conv_1x7_7x1""}},{""branch_1"":{""input_state"":2,""op"":""conv_1x7_7x1""},""branch_2"":{""input_state"":3,""op"":""sep_conv_3x3""}},{""branch_1"":{""input_state"":2,""op"":""sep_conv_7x7""},""branch_2"":{""input_state"":4,""op"":""sep_conv_5x5""}}]}}",,random_initialization,0.7482,0.7482,0.7482,1021486,182.4807381000137,"{""ages_in_evaluations"":[8,7,6,5,4,3,2,1,0],""oldest_to_youngest_evaluation_indices"":[1,2,3,4,5,6,7,8,9]}"
RE,2702,20260836,10,30,initialization,"{""normal"":{""pairs"":[{""branch_1"":{""input_state"":0,""op"":""max_pool_3x3""},""branch_2"":{""input_state"":1,""op"":""sep_conv_7x7""}},{""branch_1"":{""input_state"":2,""op"":""conv_1x7_7x1""},""branch_2"":{""input_state"":2,""op"":""identity""}},{""branch_1"":{""input_state"":0,""op"":""dil_sep_conv_3x3""},""branch_2"":{""input_state"":2,""op"":""sep_conv_3x3""}},{""branch_1"":{""input_state"":1,""op"":""identity""},""branch_2"":{""input_state"":2,""op"":""sep_conv_7x7""}},{""branch_1"":{""input_state"":2,""op"":""conv_1x7_7x1""},""branch_2"":{""input_state"":1,""op"":""max_pool_3x3""}}]},""reduction"":{""pairs"":[{""branch_1"":{""input_state"":1,""op"":""max_pool_3x3""},""branch_2"":{""input_state"":1,""op"":""dil_sep_conv_3x3""}},{""branch_1"":{""input_state"":0,""op"":""sep_conv_3x3""},""branch_2"":{""input_state"":2,""op"":""identity""}},{""branch_1"":{""input_state"":2,""op"":""sep_conv_3x3""},""branch_2"":{""input_state"":2,""op"":""sep_conv_3x3""}},{""branch_1"":{""input_state"":3,""op"":""sep_conv_7x7""},""branch_2"":{""input_state"":2,""op"":""max_pool_3x3""}},{""branch_1"":{""input_state"":0,""op"":""sep_conv_3x3""},""branch_2"":{""input_state"":2,""op"":""sep_conv_3x3""}}]}}",,random_initialization,0.785,0.785,0.785,1010698,146.82916439999826,"{""ages_in_evaluations"":[9,8,7,6,5,4,3,2,1,0],""oldest_to_youngest_evaluation_indices"":[1,2,3,4,5,6,7,8,9,10]}"
RE,2702,20260837,11,30,initialization,"{""normal"":{""pairs"":[{""branch_1"":{""input_state"":0,""op"":""conv_1x7_7x1""},""branch_2"":{""input_state"":0,""op"":""max_pool_3x3""}},{""branch_1"":{""input_state"":2,""op"":""sep_conv_3x3""},""branch_2"":{""input_state"":2,""op"":""dil_sep_conv_3x3""}},{""branch_1"":{""input_state"":3,""op"":""identity""},""branch_2"":{""input_state"":0,""op"":""sep_conv_7x7""}},{""branch_1"":{""input_state"":0,""op"":""max_pool_3x3""},""branch_2"":{""input_state"":1,""op"":""sep_conv_3x3""}},{""branch_1"":{""input_state"":1,""op"":""dil_sep_conv_3x3""},""branch_2"":{""input_state"":3,""op"":""dil_sep_conv_3x3""}}]},""reduction"":{""pairs"":[{""branch_1"":{""input_state"":1,""op"":""conv_1x7_7x1""},""branch_2"":{""input_state"":0,""op"":""sep_conv_3x3""}},{""branch_1"":{""input_state"":2,""op"":""sep_conv_5x5""},""branch_2"":{""input_state"":2,""op"":""max_pool_3x3""}},{""branch_1"":{""input_state"":1,""op"":""sep_conv_7x7""},""branch_2"":{""input_state"":0,""op"":""sep_conv_5x5""}},{""branch_1"":{""input_state"":4,""op"":""sep_conv_5x5""},""branch_2"":{""input_state"":2,""op"":""dil_sep_conv_3x3""}},{""branch_1"":{""input_state"":4,""op"":""conv_1x7_7x1""},""branch_2"":{""input_state"":1,""op"":""identity""}}]}}",,random_initialization,0.7664,0.7664,0.7664,1063630,141.78121730001294,"{""ages_in_evaluations"":[10,9,8,7,6,5,4,3,2,1,0],""oldest_to_youngest_evaluation_indices"":[1,2,3,4,5,6,7,8,9,10,11]}"
RE,2702,20260838,12,30,initialization,"{""normal"":{""pairs"":[{""branch_1"":{""input_state"":0,""op"":""sep_conv_7x7""},""branch_2"":{""input_state"":0,""op"":""max_pool_3x3""}},{""branch_1"":{""input_state"":2,""op"":""max_pool_3x3""},""branch_2"":{""input_state"":1,""op"":""conv_1x7_7x1""}},{""branch_1"":{""input_state"":3,""op"":""sep_conv_7x7""},""branch_2"":{""input_state"":3,""op"":""sep_conv_5x5""}},{""branch_1"":{""input_state"":2,""op"":""dil_sep_conv_3x3""},""branch_2"":{""input_state"":0,""op"":""conv_1x7_7x1""}},{""branch_1"":{""input_state"":4,""op"":""sep_conv_3x3""},""branch_2"":{""input_state"":2,""op"":""max_pool_3x3""}}]},""reduction"":{""pairs"":[{""branch_1"":{""input_state"":0,""op"":""conv_1x7_7x1""},""branch_2"":{""input_state"":0,""op"":""identity""}},{""branch_1"":{""input_state"":2,""op"":""sep_conv_7x7""},""branch_2"":{""input_state"":0,""op"":""dil_sep_conv_3x3""}},{""branch_1"":{""input_state"":1,""op"":""sep_conv_7x7""},""branch_2"":{""input_state"":3,""op"":""sep_conv_5x5""}},{""branch_1"":{""input_state"":0,""op"":""dil_sep_conv_3x3""},""branch_2"":{""input_state"":0,""op"":""sep_conv_7x7""}},{""branch_1"":{""input_state"":4,""op"":""sep_conv_7x7""},""branch_2"":{""input_state"":2,""op"":""avg_pool_3x3""}}]}}",,random_initialization,0.735,0.735,0.735,1033906,159.08187660001568,"{""ages_in_evaluations"":[11,10,9,8,7,6,5,4,3,2,1,0],""oldest_to_youngest_evaluation_indices"":[1,2,3,4,5,6,7,8,9,10,11,12]}"
RE,2702,20260839,13,30,initialization,"{""normal"":{""pairs"":[{""branch_1"":{""input_state"":0,""op"":""dil_sep_conv_3x3""},""branch_2"":{""input_state"":0,""op"":""conv_1x7_7x1""}},{""branch_1"":{""input_state"":1,""op"":""identity""},""branch_2"":{""input_state"":1,""op"":""avg_pool_3x3""}},{""branch_1"":{""input_state"":0,""op"":""max_pool_3x3""},""branch_2"":{""input_state"":0,""op"":""avg_pool_3x3""}},{""branch_1"":{""input_state"":1,""op"":""avg_pool_3x3""},""branch_2"":{""input_state"":2,""op"":""sep_conv_3x3""}},{""branch_1"":{""input_state"":1,""op"":""sep_conv_5x5""},""branch_2"":{""input_state"":1,""op"":""conv_1x7_7x1""}}]},""reduction"":{""pairs"":[{""branch_1"":{""input_state"":0,""op"":""conv_1x7_7x1""},""branch_2"":{""input_state"":0,""op"":""dil_sep_conv_3x3""}},{""branch_1"":{""input_state"":0,""op"":""conv_1x7_7x1""},""branch_2"":{""input_state"":0,""op"":""sep_conv_5x5""}},{""branch_1"":{""input_state"":0,""op"":""sep_conv_5x5""},""branch_2"":{""input_state"":1,""op"":""sep_conv_3x3""}},{""branch_1"":{""input_state"":1,""op"":""max_pool_3x3""},""branch_2"":{""input_state"":0,""op"":""avg_pool_3x3""}},{""branch_1"":{""input_state"":1,""op"":""dil_sep_conv_3x3""},""branch_2"":{""input_state"":2,""op"":""sep_conv_3x3""}}]}}",,random_initialization,0.8124,0.8124,0.8124,889738,128.20257120000315,"{""ages_in_evaluations"":[12,11,10,9,8,7,6,5,4,3,2,1,0],""oldest_to_youngest_evaluation_indices"":[1,2,3,4,5,6,7,8,9,10,11,12,13]}"
RE,2702,20260840,14,30,initialization,"{""normal"":{""pairs"":[{""branch_1"":{""input_state"":0,""op"":""identity""},""branch_2"":{""input_state"":0,""op"":""avg_pool_3x3""}},{""branch_1"":{""input_state"":1,""op"":""sep_conv_7x7""},""branch_2"":{""input_state"":2,""op"":""sep_conv_7x7""}},{""branch_1"":{""input_state"":2,""op"":""conv_1x7_7x1""},""branch_2"":{""input_state"":3,""op"":""max_pool_3x3""}},{""branch_1"":{""input_state"":2,""op"":""sep_conv_3x3""},""branch_2"":{""input_state"":1,""op"":""sep_conv_7x7""}},{""branch_1"":{""input_state"":3,""op"":""dil_sep_conv_3x3""},""branch_2"":{""input_state"":1,""op"":""sep_conv_3x3""}}]},""reduction"":{""pairs"":[{""branch_1"":{""input_state"":1,""op"":""avg_pool_3x3""},""branch_2"":{""input_state"":1,""op"":""avg_pool_3x3""}},{""branch_1"":{""input_state"":0,""op"":""conv_1x7_7x1""},""branch_2"":{""input_state"":2,""op"":""avg_pool_3x3""}},{""branch_1"":{""input_state"":1,""op"":""max_pool_3x3""},""branch_2"":{""input_state"":3,""op"":""sep_conv_7x7""}},{""branch_1"":{""input_state"":1,""op"":""sep_conv_7x7""},""branch_2"":{""input_state"":4,""op"":""max_pool_3x3""}},{""branch_1"":{""input_state"":2,""op"":""max_pool_3x3""},""branch_2"":{""input_state"":2,""op"":""conv_1x7_7x1""}}]}}",,random_initialization,0.7606,0.7606,0.7606,1002286,150.6880194999976,"{""ages_in_evaluations"":[13,12,11,10,9,8,7,6,5,4,3,2,1,0],""oldest_to_youngest_evaluation_indices"":[1,2,3,4,5,6,7,8,9,10,11,12,13,14]}"
RE,2702,20260841,15,30,initialization,"{""normal"":{""pairs"":[{""branch_1"":{""input_state"":0,""op"":""sep_conv_7x7""},""branch_2"":{""input_state"":0,""op"":""sep_conv_7x7""}},{""branch_1"":{""input_state"":2,""op"":""max_pool_3x3""},""branch_2"":{""input_state"":2,""op"":""sep_conv_7x7""}},{""branch_1"":{""input_state"":0,""op"":""identity""},""branch_2"":{""input_state"":3,""op"":""identity""}},{""branch_1"":{""input_state"":1,""op"":""max_pool_3x3""},""branch_2"":{""input_state"":0,""op"":""sep_conv_7x7""}},{""branch_1"":{""input_state"":0,""op"":""sep_conv_5x5""},""branch_2"":{""input_state"":5,""op"":""sep_conv_3x3""}}]},""reduction"":{""pairs"":[{""branch_1"":{""input_state"":1,""op"":""max_pool_3x3""},""branch_2"":{""input_state"":0,""op"":""max_pool_3x3""}},{""branch_1"":{""input_state"":2,""op"":""identity""},""branch_2"":{""input_state"":1,""op"":""sep_conv_7x7""}},{""branch_1"":{""input_state"":1,""op"":""identity""},""branch_2"":{""input_state"":0,""op"":""sep_conv_7x7""}},{""branch_1"":{""input_state"":4,""op"":""avg_pool_3x3""},""branch_2"":{""input_state"":4,""op"":""conv_1x7_7x1""}},{""branch_1"":{""input_state"":3,""op"":""max_pool_3x3""},""branch_2"":{""input_state"":1,""op"":""conv_1x7_7x1""}}]}}",,random_initialization,0.7866,0.7866,0.7866,952546,142.03894690002198,"{""ages_in_evaluations"":[14,13,12,11,10,9,8,7,6,5,4,3,2,1,0],""oldest_to_youngest_evaluation_indices"":[1,2,3,4,5,6,7,8,9,10,11,12,13,14,15]}"
RE,2702,20260842,16,30,initialization,"{""normal"":{""pairs"":[{""branch_1"":{""input_state"":0,""op"":""identity""},""branch_2"":{""input_state"":1,""op"":""conv_1x7_7x1""}},{""branch_1"":{""input_state"":0,""op"":""sep_conv_7x7""},""branch_2"":{""input_state"":1,""op"":""max_pool_3x3""}},{""branch_1"":{""input_state"":3,""op"":""avg_pool_3x3""},""branch_2"":{""input_state"":2,""op"":""identity""}},{""branch_1"":{""input_state"":0,""op"":""dil_sep_conv_3x3""},""branch_2"":{""input_state"":0,""op"":""dil_sep_conv_3x3""}},{""branch_1"":{""input_state"":4,""op"":""sep_conv_7x7""},""branch_2"":{""input_state"":3,""op"":""sep_conv_5x5""}}]},""reduction"":{""pairs"":[{""branch_1"":{""input_state"":1,""op"":""max_pool_3x3""},""branch_2"":{""input_state"":1,""op"":""sep_conv_5x5""}},{""branch_1"":{""input_state"":2,""op"":""avg_pool_3x3""},""branch_2"":{""input_state"":0,""op"":""sep_conv_7x7""}},{""branch_1"":{""input_state"":3,""op"":""dil_sep_conv_3x3""},""branch_2"":{""input_state"":1,""op"":""max_pool_3x3""}},{""branch_1"":{""input_state"":3,""op"":""dil_sep_conv_3x3""},""branch_2"":{""input_state"":4,""op"":""dil_sep_conv_3x3""}},{""branch_1"":{""input_state"":3,""op"":""avg_pool_3x3""},""branch_2"":{""input_state"":5,""op"":""sep_conv_7x7""}}]}}",,random_initialization,0.7564,0.7564,0.7564,869998,132.4660092999984,"{""ages_in_evaluations"":[15,14,13,12,11,10,9,8,7,6,5,4,3,2,1,0],""oldest_to_youngest_evaluation_indices"":[1,2,3,4,5,6,7,8,9,10,11,12,13,14,15,16]}"
RE,2702,20260843,17,30,initialization,"{""normal"":{""pairs"":[{""branch_1"":{""input_state"":0,""op"":""max_pool_3x3""},""branch_2"":{""input_state"":1,""op"":""conv_1x7_7x1""}},{""branch_1"":{""input_state"":2,""op"":""sep_conv_5x5""},""branch_2"":{""input_state"":1,""op"":""max_pool_3x3""}},{""branch_1"":{""input_state"":3,""op"":""avg_pool_3x3""},""branch_2"":{""input_state"":0,""op"":""sep_conv_3x3""}},{""branch_1"":{""input_state"":1,""op"":""sep_conv_7x7""},""branch_2"":{""input_state"":1,""op"":""sep_conv_3x3""}},{""branch_1"":{""input_state"":4,""op"":""avg_pool_3x3""},""branch_2"":{""input_state"":1,""op"":""sep_conv_7x7""}}]},""reduction"":{""pairs"":[{""branch_1"":{""input_state"":1,""op"":""avg_pool_3x3""},""branch_2"":{""input_state"":1,""op"":""dil_sep_conv_3x3""}},{""branch_1"":{""input_state"":1,""op"":""max_pool_3x3""},""branch_2"":{""input_state"":0,""op"":""conv_1x7_7x1""}},{""branch_1"":{""input_state"":3,""op"":""avg_pool_3x3""},""branch_2"":{""input_state"":3,""op"":""sep_conv_5x5""}},{""branch_1"":{""input_state"":1,""op"":""dil_sep_conv_3x3""},""branch_2"":{""input_state"":1,""op"":""max_pool_3x3""}},{""branch_1"":{""input_state"":0,""op"":""identity""},""branch_2"":{""input_state"":3,""op"":""conv_1x7_7x1""}}]}}",,random_initialization,0.7862,0.7862,0.7862,893758,135.12806429999182,"{""ages_in_evaluations"":[16,15,14,13,12,11,10,9,8,7,6,5,4,3,2,1,0],""oldest_to_youngest_evaluation_indices"":[1,2,3,4,5,6,7,8,9,10,11,12,13,14,15,16,17]}"
RE,2702,20260844,18,30,initialization,"{""normal"":{""pairs"":[{""branch_1"":{""input_state"":0,""op"":""sep_conv_5x5""},""branch_2"":{""input_state"":0,""op"":""max_pool_3x3""}},{""branch_1"":{""input_state"":2,""op"":""conv_1x7_7x1""},""branch_2"":{""input_state"":0,""op"":""max_pool_3x3""}},{""branch_1"":{""input_state"":3,""op"":""sep_conv_3x3""},""branch_2"":{""input_state"":2,""op"":""identity""}},{""branch_1"":{""input_state"":3,""op"":""dil_sep_conv_3x3""},""branch_2"":{""input_state"":0,""op"":""max_pool_3x3""}},{""branch_1"":{""input_state"":5,""op"":""avg_pool_3x3""},""branch_2"":{""input_state"":3,""op"":""avg_pool_3x3""}}]},""reduction"":{""pairs"":[{""branch_1"":{""input_state"":0,""op"":""sep_conv_3x3""},""branch_2"":{""input_state"":1,""op"":""max_pool_3x3""}},{""branch_1"":{""input_state"":0,""op"":""avg_pool_3x3""},""branch_2"":{""input_state"":1,""op"":""sep_conv_3x3""}},{""branch_1"":{""input_state"":3,""op"":""identity""},""branch_2"":{""input_state"":0,""op"":""sep_conv_7x7""}},{""branch_1"":{""input_state"":3,""op"":""sep_conv_5x5""},""branch_2"":{""input_state"":3,""op"":""avg_pool_3x3""}},{""branch_1"":{""input_state"":4,""op"":""conv_1x7_7x1""},""branch_2"":{""input_state"":4,""op"":""max_pool_3x3""}}]}}",,random_initialization,0.801,0.801,0.801,698662,104.55576439999277,"{""ages_in_evaluations"":[17,16,15,14,13,12,11,10,9,8,7,6,5,4,3,2,1,0],""oldest_to_youngest_evaluation_indices"":[1,2,3,4,5,6,7,8,9,10,11,12,13,14,15,16,17,18]}"
RE,2702,20260845,19,30,initialization,"{""normal"":{""pairs"":[{""branch_1"":{""input_state"":0,""op"":""conv_1x7_7x1""},""branch_2"":{""input_state"":0,""op"":""sep_conv_3x3""}},{""branch_1"":{""input_state"":2,""op"":""max_pool_3x3""},""branch_2"":{""input_state"":0,""op"":""identity""}},{""branch_1"":{""input_state"":3,""op"":""conv_1x7_7x1""},""branch_2"":{""input_state"":0,""op"":""sep_conv_7x7""}},{""branch_1"":{""input_state"":1,""op"":""sep_conv_7x7""},""branch_2"":{""input_state"":4,""op"":""dil_sep_conv_3x3""}},{""branch_1"":{""input_state"":0,""op"":""identity""},""branch_2"":{""input_state"":1,""op"":""sep_conv_5x5""}}]},""reduction"":{""pairs"":[{""branch_1"":{""input_state"":0,""op"":""identity""},""branch_2"":{""input_state"":1,""op"":""sep_conv_5x5""}},{""branch_1"":{""input_state"":1,""op"":""sep_conv_3x3""},""branch_2"":{""input_state"":0,""op"":""sep_conv_5x5""}},{""branch_1"":{""input_state"":3,""op"":""dil_sep_conv_3x3""},""branch_2"":{""input_state"":0,""op"":""avg_pool_3x3""}},{""branch_1"":{""input_state"":1,""op"":""dil_sep_conv_3x3""},""branch_2"":{""input_state"":4,""op"":""sep_conv_5x5""}},{""branch_1"":{""input_state"":4,""op"":""conv_1x7_7x1""},""branch_2"":{""input_state"":1,""op"":""dil_sep_conv_3x3""}}]}}",,random_initialization,0.7048,0.7048,0.7048,1020082,151.51860000001034,"{""ages_in_evaluations"":[18,17,16,15,14,13,12,11,10,9,8,7,6,5,4,3,2,1,0],""oldest_to_youngest_evaluation_indices"":[1,2,3,4,5,6,7,8,9,10,11,12,13,14,15,16,17,18,19]}"
RE,2702,20260846,20,30,initialization,"{""normal"":{""pairs"":[{""branch_1"":{""input_state"":0,""op"":""sep_conv_3x3""},""branch_2"":{""input_state"":0,""op"":""identity""}},{""branch_1"":{""input_state"":2,""op"":""avg_pool_3x3""},""branch_2"":{""input_state"":2,""op"":""dil_sep_conv_3x3""}},{""branch_1"":{""input_state"":0,""op"":""conv_1x7_7x1""},""branch_2"":{""input_state"":1,""op"":""sep_conv_7x7""}},{""branch_1"":{""input_state"":3,""op"":""sep_conv_3x3""},""branch_2"":{""input_state"":4,""op"":""conv_1x7_7x1""}},{""branch_1"":{""input_state"":5,""op"":""avg_pool_3x3""},""branch_2"":{""input_state"":1,""op"":""conv_1x7_7x1""}}]},""reduction"":{""pairs"":[{""branch_1"":{""input_state"":0,""op"":""conv_1x7_7x1""},""branch_2"":{""input_state"":1,""op"":""max_pool_3x3""}},{""branch_1"":{""input_state"":1,""op"":""sep_conv_7x7""},""branch_2"":{""input_state"":0,""op"":""max_pool_3x3""}},{""branch_1"":{""input_state"":2,""op"":""conv_1x7_7x1""},""branch_2"":{""input_state"":3,""op"":""sep_conv_5x5""}},{""branch_1"":{""input_state"":4,""op"":""conv_1x7_7x1""},""branch_2"":{""input_state"":0,""op"":""avg_pool_3x3""}},{""branch_1"":{""input_state"":2,""op"":""dil_sep_conv_3x3""},""branch_2"":{""input_state"":2,""op"":""dil_sep_conv_3x3""}}]}}",,random_initialization,0.6658,0.6658,0.6658,797998,150.59034640001482,"{""ages_in_evaluations"":[19,18,17,16,15,14,13,12,11,10,9,8,7,6,5,4,3,2,1,0],""oldest_to_youngest_evaluation_indices"":[1,2,3,4,5,6,7,8,9,10,11,12,13,14,15,16,17,18,19,20]}"
RE,2702,20260847,21,30,evolution,"{""normal"":{""pairs"":[{""branch_1"":{""input_state"":0,""op"":""sep_conv_5x5""},""branch_2"":{""input_state"":0,""op"":""max_pool_3x3""}},{""branch_1"":{""input_state"":2,""op"":""conv_1x7_7x1""},""branch_2"":{""input_state"":2,""op"":""max_pool_3x3""}},{""branch_1"":{""input_state"":3,""op"":""sep_conv_3x3""},""branch_2"":{""input_state"":2,""op"":""identity""}},{""branch_1"":{""input_state"":3,""op"":""dil_sep_conv_3x3""},""branch_2"":{""input_state"":0,""op"":""max_pool_3x3""}},{""branch_1"":{""input_state"":5,""op"":""avg_pool_3x3""},""branch_2"":{""input_state"":3,""op"":""avg_pool_3x3""}}]},""reduction"":{""pairs"":[{""branch_1"":{""input_state"":0,""op"":""sep_conv_3x3""},""branch_2"":{""input_state"":1,""op"":""max_pool_3x3""}},{""branch_1"":{""input_state"":0,""op"":""avg_pool_3x3""},""branch_2"":{""input_state"":1,""op"":""sep_conv_3x3""}},{""branch_1"":{""input_state"":3,""op"":""identity""},""branch_2"":{""input_state"":0,""op"":""sep_conv_7x7""}},{""branch_1"":{""input_state"":3,""op"":""sep_conv_5x5""},""branch_2"":{""input_state"":3,""op"":""avg_pool_3x3""}},{""branch_1"":{""input_state"":4,""op"":""conv_1x7_7x1""},""branch_2"":{""input_state"":4,""op"":""max_pool_3x3""}}]}}","{""normal"":{""pairs"":[{""branch_1"":{""input_state"":0,""op"":""sep_conv_5x5""},""branch_2"":{""input_state"":0,""op"":""max_pool_3x3""}},{""branch_1"":{""input_state"":2,""op"":""conv_1x7_7x1""},""branch_2"":{""input_state"":0,""op"":""max_pool_3x3""}},{""branch_1"":{""input_state"":3,""op"":""sep_conv_3x3""},""branch_2"":{""input_state"":2,""op"":""identity""}},{""branch_1"":{""input_state"":3,""op"":""dil_sep_conv_3x3""},""branch_2"":{""input_state"":0,""op"":""max_pool_3x3""}},{""branch_1"":{""input_state"":5,""op"":""avg_pool_3x3""},""branch_2"":{""input_state"":3,""op"":""avg_pool_3x3""}}]},""reduction"":{""pairs"":[{""branch_1"":{""input_state"":0,""op"":""sep_conv_3x3""},""branch_2"":{""input_state"":1,""op"":""max_pool_3x3""}},{""branch_1"":{""input_state"":0,""op"":""avg_pool_3x3""},""branch_2"":{""input_state"":1,""op"":""sep_conv_3x3""}},{""branch_1"":{""input_state"":3,""op"":""identity""},""branch_2"":{""input_state"":0,""op"":""sep_conv_7x7""}},{""branch_1"":{""input_state"":3,""op"":""sep_conv_5x5""},""branch_2"":{""input_state"":3,""op"":""avg_pool_3x3""}},{""branch_1"":{""input_state"":4,""op"":""conv_1x7_7x1""},""branch_2"":{""input_state"":4,""op"":""max_pool_3x3""}}]}}",hidden_state,0.8156,0.8156,0.8156,698662,103.56737980002072,"{""ages_in_evaluations"":[19,18,17,16,15,14,13,12,11,10,9,8,7,6,5,4,3,2,1,0],""oldest_to_youngest_evaluation_indices"":[2,3,4,5,6,7,8,9,10,11,12,13,14,15,16,17,18,19,20,21]}"
RE,2702,20260848,22,30,evolution,"{""normal"":{""pairs"":[{""branch_1"":{""input_state"":0,""op"":""sep_conv_7x7""},""branch_2"":{""input_state"":0,""op"":""sep_conv_7x7""}},{""branch_1"":{""input_state"":2,""op"":""max_pool_3x3""},""branch_2"":{""input_state"":2,""op"":""sep_conv_7x7""}},{""branch_1"":{""input_state"":0,""op"":""identity""},""branch_2"":{""input_state"":3,""op"":""identity""}},{""branch_1"":{""input_state"":1,""op"":""max_pool_3x3""},""branch_2"":{""input_state"":0,""op"":""sep_conv_7x7""}},{""branch_1"":{""input_state"":0,""op"":""sep_conv_5x5""},""branch_2"":{""input_state"":5,""op"":""sep_conv_3x3""}}]},""reduction"":{""pairs"":[{""branch_1"":{""input_state"":1,""op"":""max_pool_3x3""},""branch_2"":{""input_state"":0,""op"":""max_pool_3x3""}},{""branch_1"":{""input_state"":2,""op"":""avg_pool_3x3""},""branch_2"":{""input_state"":1,""op"":""sep_conv_7x7""}},{""branch_1"":{""input_state"":1,""op"":""identity""},""branch_2"":{""input_state"":0,""op"":""sep_conv_7x7""}},{""branch_1"":{""input_state"":4,""op"":""avg_pool_3x3""},""branch_2"":{""input_state"":4,""op"":""conv_1x7_7x1""}},{""branch_1"":{""input_state"":3,""op"":""max_pool_3x3""},""branch_2"":{""input_state"":1,""op"":""conv_1x7_7x1""}}]}}","{""normal"":{""pairs"":[{""branch_1"":{""input_state"":0,""op"":""sep_conv_7x7""},""branch_2"":{""input_state"":0,""op"":""sep_conv_7x7""}},{""branch_1"":{""input_state"":2,""op"":""max_pool_3x3""},""branch_2"":{""input_state"":2,""op"":""sep_conv_7x7""}},{""branch_1"":{""input_state"":0,""op"":""identity""},""branch_2"":{""input_state"":3,""op"":""identity""}},{""branch_1"":{""input_state"":1,""op"":""max_pool_3x3""},""branch_2"":{""input_state"":0,""op"":""sep_conv_7x7""}},{""branch_1"":{""input_state"":0,""op"":""sep_conv_5x5""},""branch_2"":{""input_state"":5,""op"":""sep_conv_3x3""}}]},""reduction"":{""pairs"":[{""branch_1"":{""input_state"":1,""op"":""max_pool_3x3""},""branch_2"":{""input_state"":0,""op"":""max_pool_3x3""}},{""branch_1"":{""input_state"":2,""op"":""identity""},""branch_2"":{""input_state"":1,""op"":""sep_conv_7x7""}},{""branch_1"":{""input_state"":1,""op"":""identity""},""branch_2"":{""input_state"":0,""op"":""sep_conv_7x7""}},{""branch_1"":{""input_state"":4,""op"":""avg_pool_3x3""},""branch_2"":{""input_state"":4,""op"":""conv_1x7_7x1""}},{""branch_1"":{""input_state"":3,""op"":""max_pool_3x3""},""branch_2"":{""input_state"":1,""op"":""conv_1x7_7x1""}}]}}",operation,0.7902,0.7902,0.7902,952546,143.11496619999525,"{""ages_in_evaluations"":[19,18,17,16,15,14,13,12,11,10,9,8,7,6,5,4,3,2,1,0],""oldest_to_youngest_evaluation_indices"":[3,4,5,6,7,8,9,10,11,12,13,14,15,16,17,18,19,20,21,22]}"
RE,2702,20260849,23,30,evolution,"{""normal"":{""pairs"":[{""branch_1"":{""input_state"":0,""op"":""identity""},""branch_2"":{""input_state"":0,""op"":""max_pool_3x3""}},{""branch_1"":{""input_state"":0,""op"":""dil_sep_conv_3x3""},""branch_2"":{""input_state"":1,""op"":""dil_sep_conv_3x3""}},{""branch_1"":{""input_state"":1,""op"":""identity""},""branch_2"":{""input_state"":3,""op"":""identity""}},{""branch_1"":{""input_state"":2,""op"":""sep_conv_7x7""},""branch_2"":{""input_state"":1,""op"":""conv_1x7_7x1""}},{""branch_1"":{""input_state"":3,""op"":""identity""},""branch_2"":{""input_state"":4,""op"":""max_pool_3x3""}}]},""reduction"":{""pairs"":[{""branch_1"":{""input_state"":0,""op"":""avg_pool_3x3""},""branch_2"":{""input_state"":0,""op"":""conv_1x7_7x1""}},{""branch_1"":{""input_state"":2,""op"":""sep_conv_3x3""},""branch_2"":{""input_state"":0,""op"":""sep_conv_5x5""}},{""branch_1"":{""input_state"":2,""op"":""dil_sep_conv_3x3""},""branch_2"":{""input_state"":2,""op"":""dil_sep_conv_3x3""}},{""branch_1"":{""input_state"":2,""op"":""identity""},""branch_2"":{""input_state"":3,""op"":""avg_pool_3x3""}},{""branch_1"":{""input_state"":0,""op"":""max_pool_3x3""},""branch_2"":{""input_state"":5,""op"":""dil_sep_conv_3x3""}}]}}","{""normal"":{""pairs"":[{""branch_1"":{""input_state"":1,""op"":""identity""},""branch_2"":{""input_state"":0,""op"":""max_pool_3x3""}},{""branch_1"":{""input_state"":0,""op"":""dil_sep_conv_3x3""},""branch_2"":{""input_state"":1,""op"":""dil_sep_conv_3x3""}},{""branch_1"":{""input_state"":1,""op"":""identity""},""branch_2"":{""input_state"":3,""op"":""identity""}},{""branch_1"":{""input_state"":2,""op"":""sep_conv_7x7""},""branch_2"":{""input_state"":1,""op"":""conv_1x7_7x1""}},{""branch_1"":{""input_state"":3,""op"":""identity""},""branch_2"":{""input_state"":4,""op"":""max_pool_3x3""}}]},""reduction"":{""pairs"":[{""branch_1"":{""input_state"":0,""op"":""avg_pool_3x3""},""branch_2"":{""input_state"":0,""op"":""conv_1x7_7x1""}},{""branch_1"":{""input_state"":2,""op"":""sep_conv_3x3""},""branch_2"":{""input_state"":0,""op"":""sep_conv_5x5""}},{""branch_1"":{""input_state"":2,""op"":""dil_sep_conv_3x3""},""branch_2"":{""input_state"":2,""op"":""dil_sep_conv_3x3""}},{""branch_1"":{""input_state"":2,""op"":""identity""},""branch_2"":{""input_state"":3,""op"":""avg_pool_3x3""}},{""branch_1"":{""input_state"":0,""op"":""max_pool_3x3""},""branch_2"":{""input_state"":5,""op"":""dil_sep_conv_3x3""}}]}}",hidden_state,0.7886,0.7886,0.7886,683014,102.77497810000204,"{""ages_in_evaluations"":[19,18,17,16,15,14,13,12,11,10,9,8,7,6,5,4,3,2,1,0],""oldest_to_youngest_evaluation_indices"":[4,5,6,7,8,9,10,11,12,13,14,15,16,17,18,19,20,21,22,23]}"
RE,2702,20260850,24,30,evolution,"{""normal"":{""pairs"":[{""branch_1"":{""input_state"":0,""op"":""identity""},""branch_2"":{""input_state"":0,""op"":""max_pool_3x3""}},{""branch_1"":{""input_state"":0,""op"":""dil_sep_conv_3x3""},""branch_2"":{""input_state"":1,""op"":""dil_sep_conv_3x3""}},{""branch_1"":{""input_state"":1,""op"":""identity""},""branch_2"":{""input_state"":3,""op"":""identity""}},{""branch_1"":{""input_state"":2,""op"":""sep_conv_7x7""},""branch_2"":{""input_state"":1,""op"":""conv_1x7_7x1""}},{""branch_1"":{""input_state"":3,""op"":""identity""},""branch_2"":{""input_state"":4,""op"":""max_pool_3x3""}}]},""reduction"":{""pairs"":[{""branch_1"":{""input_state"":0,""op"":""avg_pool_3x3""},""branch_2"":{""input_state"":0,""op"":""conv_1x7_7x1""}},{""branch_1"":{""input_state"":2,""op"":""sep_conv_3x3""},""branch_2"":{""input_state"":0,""op"":""sep_conv_5x5""}},{""branch_1"":{""input_state"":0,""op"":""dil_sep_conv_3x3""},""branch_2"":{""input_state"":2,""op"":""dil_sep_conv_3x3""}},{""branch_1"":{""input_state"":2,""op"":""identity""},""branch_2"":{""input_state"":3,""op"":""avg_pool_3x3""}},{""branch_1"":{""input_state"":0,""op"":""max_pool_3x3""},""branch_2"":{""input_state"":5,""op"":""dil_sep_conv_3x3""}}]}}","{""normal"":{""pairs"":[{""branch_1"":{""input_state"":0,""op"":""identity""},""branch_2"":{""input_state"":0,""op"":""max_pool_3x3""}},{""branch_1"":{""input_state"":0,""op"":""dil_sep_conv_3x3""},""branch_2"":{""input_state"":1,""op"":""dil_sep_conv_3x3""}},{""branch_1"":{""input_state"":1,""op"":""identity""},""branch_2"":{""input_state"":3,""op"":""identity""}},{""branch_1"":{""input_state"":2,""op"":""sep_conv_7x7""},""branch_2"":{""input_state"":1,""op"":""conv_1x7_7x1""}},{""branch_1"":{""input_state"":3,""op"":""identity""},""branch_2"":{""input_state"":4,""op"":""max_pool_3x3""}}]},""reduction"":{""pairs"":[{""branch_1"":{""input_state"":0,""op"":""avg_pool_3x3""},""branch_2"":{""input_state"":0,""op"":""conv_1x7_7x1""}},{""branch_1"":{""input_state"":2,""op"":""sep_conv_3x3""},""branch_2"":{""input_state"":0,""op"":""sep_conv_5x5""}},{""branch_1"":{""input_state"":2,""op"":""dil_sep_conv_3x3""},""branch_2"":{""input_state"":2,""op"":""dil_sep_conv_3x3""}},{""branch_1"":{""input_state"":2,""op"":""identity""},""branch_2"":{""input_state"":3,""op"":""avg_pool_3x3""}},{""branch_1"":{""input_state"":0,""op"":""max_pool_3x3""},""branch_2"":{""input_state"":5,""op"":""dil_sep_conv_3x3""}}]}}",hidden_state,0.7976,0.7976,0.7976,683014,104.24023640001542,"{""ages_in_evaluations"":[19,18,17,16,15,14,13,12,11,10,9,8,7,6,5,4,3,2,1,0],""oldest_to_youngest_evaluation_indices"":[5,6,7,8,9,10,11,12,13,14,15,16,17,18,19,20,21,22,23,24]}"
RE,2702,20260851,25,30,evolution,"{""normal"":{""pairs"":[{""branch_1"":{""input_state"":0,""op"":""identity""},""branch_2"":{""input_state"":0,""op"":""max_pool_3x3""}},{""branch_1"":{""input_state"":0,""op"":""dil_sep_conv_3x3""},""branch_2"":{""input_state"":1,""op"":""dil_sep_conv_3x3""}},{""branch_1"":{""input_state"":1,""op"":""identity""},""branch_2"":{""input_state"":3,""op"":""identity""}},{""branch_1"":{""input_state"":2,""op"":""sep_conv_7x7""},""branch_2"":{""input_state"":1,""op"":""conv_1x7_7x1""}},{""branch_1"":{""input_state"":3,""op"":""identity""},""branch_2"":{""input_state"":4,""op"":""max_pool_3x3""}}]},""reduction"":{""pairs"":[{""branch_1"":{""input_state"":0,""op"":""avg_pool_3x3""},""branch_2"":{""input_state"":0,""op"":""conv_1x7_7x1""}},{""branch_1"":{""input_state"":2,""op"":""sep_conv_3x3""},""branch_2"":{""input_state"":2,""op"":""sep_conv_5x5""}},{""branch_1"":{""input_state"":0,""op"":""dil_sep_conv_3x3""},""branch_2"":{""input_state"":2,""op"":""dil_sep_conv_3x3""}},{""branch_1"":{""input_state"":2,""op"":""identity""},""branch_2"":{""input_state"":3,""op"":""avg_pool_3x3""}},{""branch_1"":{""input_state"":0,""op"":""max_pool_3x3""},""branch_2"":{""input_state"":5,""op"":""dil_sep_conv_3x3""}}]}}","{""normal"":{""pairs"":[{""branch_1"":{""input_state"":0,""op"":""identity""},""branch_2"":{""input_state"":0,""op"":""max_pool_3x3""}},{""branch_1"":{""input_state"":0,""op"":""dil_sep_conv_3x3""},""branch_2"":{""input_state"":1,""op"":""dil_sep_conv_3x3""}},{""branch_1"":{""input_state"":1,""op"":""identity""},""branch_2"":{""input_state"":3,""op"":""identity""}},{""branch_1"":{""input_state"":2,""op"":""sep_conv_7x7""},""branch_2"":{""input_state"":1,""op"":""conv_1x7_7x1""}},{""branch_1"":{""input_state"":3,""op"":""identity""},""branch_2"":{""input_state"":4,""op"":""max_pool_3x3""}}]},""reduction"":{""pairs"":[{""branch_1"":{""input_state"":0,""op"":""avg_pool_3x3""},""branch_2"":{""input_state"":0,""op"":""conv_1x7_7x1""}},{""branch_1"":{""input_state"":2,""op"":""sep_conv_3x3""},""branch_2"":{""input_state"":0,""op"":""sep_conv_5x5""}},{""branch_1"":{""input_state"":0,""op"":""dil_sep_conv_3x3""},""branch_2"":{""input_state"":2,""op"":""dil_sep_conv_3x3""}},{""branch_1"":{""input_state"":2,""op"":""identity""},""branch_2"":{""input_state"":3,""op"":""avg_pool_3x3""}},{""branch_1"":{""input_state"":0,""op"":""max_pool_3x3""},""branch_2"":{""input_state"":5,""op"":""dil_sep_conv_3x3""}}]}}",hidden_state,0.8034,0.8034,0.8034,683014,102.10565630000201,"{""ages_in_evaluations"":[19,18,17,16,15,14,13,12,11,10,9,8,7,6,5,4,3,2,1,0],""oldest_to_youngest_evaluation_indices"":[6,7,8,9,10,11,12,13,14,15,16,17,18,19,20,21,22,23,24,25]}"
RE,2702,20260852,26,30,evolution,"{""normal"":{""pairs"":[{""branch_1"":{""input_state"":0,""op"":""identity""},""branch_2"":{""input_state"":0,""op"":""max_pool_3x3""}},{""branch_1"":{""input_state"":0,""op"":""dil_sep_conv_3x3""},""branch_2"":{""input_state"":1,""op"":""dil_sep_conv_3x3""}},{""branch_1"":{""input_state"":1,""op"":""identity""},""branch_2"":{""input_state"":3,""op"":""identity""}},{""branch_1"":{""input_state"":2,""op"":""sep_conv_7x7""},""branch_2"":{""input_state"":1,""op"":""conv_1x7_7x1""}},{""branch_1"":{""input_state"":3,""op"":""identity""},""branch_2"":{""input_state"":4,""op"":""max_pool_3x3""}}]},""reduction"":{""pairs"":[{""branch_1"":{""input_state"":0,""op"":""avg_pool_3x3""},""branch_2"":{""input_state"":0,""op"":""conv_1x7_7x1""}},{""branch_1"":{""input_state"":2,""op"":""sep_conv_3x3""},""branch_2"":{""input_state"":2,""op"":""sep_conv_5x5""}},{""branch_1"":{""input_state"":0,""op"":""dil_sep_conv_3x3""},""branch_2"":{""input_state"":2,""op"":""dil_sep_conv_3x3""}},{""branch_1"":{""input_state"":2,""op"":""identity""},""branch_2"":{""input_state"":3,""op"":""avg_pool_3x3""}},{""branch_1"":{""input_state"":0,""op"":""max_pool_3x3""},""branch_2"":{""input_state"":3,""op"":""dil_sep_conv_3x3""}}]}}","{""normal"":{""pairs"":[{""branch_1"":{""input_state"":0,""op"":""identity""},""branch_2"":{""input_state"":0,""op"":""max_pool_3x3""}},{""branch_1"":{""input_state"":0,""op"":""dil_sep_conv_3x3""},""branch_2"":{""input_state"":1,""op"":""dil_sep_conv_3x3""}},{""branch_1"":{""input_state"":1,""op"":""identity""},""branch_2"":{""input_state"":3,""op"":""identity""}},{""branch_1"":{""input_state"":2,""op"":""sep_conv_7x7""},""branch_2"":{""input_state"":1,""op"":""conv_1x7_7x1""}},{""branch_1"":{""input_state"":3,""op"":""identity""},""branch_2"":{""input_state"":4,""op"":""max_pool_3x3""}}]},""reduction"":{""pairs"":[{""branch_1"":{""input_state"":0,""op"":""avg_pool_3x3""},""branch_2"":{""input_state"":0,""op"":""conv_1x7_7x1""}},{""branch_1"":{""input_state"":2,""op"":""sep_conv_3x3""},""branch_2"":{""input_state"":2,""op"":""sep_conv_5x5""}},{""branch_1"":{""input_state"":0,""op"":""dil_sep_conv_3x3""},""branch_2"":{""input_state"":2,""op"":""dil_sep_conv_3x3""}},{""branch_1"":{""input_state"":2,""op"":""identity""},""branch_2"":{""input_state"":3,""op"":""avg_pool_3x3""}},{""branch_1"":{""input_state"":0,""op"":""max_pool_3x3""},""branch_2"":{""input_state"":5,""op"":""dil_sep_conv_3x3""}}]}}",hidden_state,0.7866,0.7866,0.7866,706054,103.52369509998243,"{""ages_in_evaluations"":[19,18,17,16,15,14,13,12,11,10,9,8,7,6,5,4,3,2,1,0],""oldest_to_youngest_evaluation_indices"":[7,8,9,10,11,12,13,14,15,16,17,18,19,20,21,22,23,24,25,26]}"
RE,2702,20260853,27,30,evolution,"{""normal"":{""pairs"":[{""branch_1"":{""input_state"":0,""op"":""identity""},""branch_2"":{""input_state"":0,""op"":""max_pool_3x3""}},{""branch_1"":{""input_state"":0,""op"":""dil_sep_conv_3x3""},""branch_2"":{""input_state"":1,""op"":""dil_sep_conv_3x3""}},{""branch_1"":{""input_state"":1,""op"":""identity""},""branch_2"":{""input_state"":3,""op"":""identity""}},{""branch_1"":{""input_state"":2,""op"":""sep_conv_7x7""},""branch_2"":{""input_state"":1,""op"":""conv_1x7_7x1""}},{""branch_1"":{""input_state"":3,""op"":""identity""},""branch_2"":{""input_state"":4,""op"":""max_pool_3x3""}}]},""reduction"":{""pairs"":[{""branch_1"":{""input_state"":0,""op"":""avg_pool_3x3""},""branch_2"":{""input_state"":0,""op"":""conv_1x7_7x1""}},{""branch_1"":{""input_state"":0,""op"":""sep_conv_3x3""},""branch_2"":{""input_state"":2,""op"":""sep_conv_5x5""}},{""branch_1"":{""input_state"":0,""op"":""dil_sep_conv_3x3""},""branch_2"":{""input_state"":2,""op"":""dil_sep_conv_3x3""}},{""branch_1"":{""input_state"":2,""op"":""identity""},""branch_2"":{""input_state"":3,""op"":""avg_pool_3x3""}},{""branch_1"":{""input_state"":0,""op"":""max_pool_3x3""},""branch_2"":{""input_state"":5,""op"":""dil_sep_conv_3x3""}}]}}","{""normal"":{""pairs"":[{""branch_1"":{""input_state"":0,""op"":""identity""},""branch_2"":{""input_state"":0,""op"":""max_pool_3x3""}},{""branch_1"":{""input_state"":0,""op"":""dil_sep_conv_3x3""},""branch_2"":{""input_state"":1,""op"":""dil_sep_conv_3x3""}},{""branch_1"":{""input_state"":1,""op"":""identity""},""branch_2"":{""input_state"":3,""op"":""identity""}},{""branch_1"":{""input_state"":2,""op"":""sep_conv_7x7""},""branch_2"":{""input_state"":1,""op"":""conv_1x7_7x1""}},{""branch_1"":{""input_state"":3,""op"":""identity""},""branch_2"":{""input_state"":4,""op"":""max_pool_3x3""}}]},""reduction"":{""pairs"":[{""branch_1"":{""input_state"":0,""op"":""avg_pool_3x3""},""branch_2"":{""input_state"":0,""op"":""conv_1x7_7x1""}},{""branch_1"":{""input_state"":2,""op"":""sep_conv_3x3""},""branch_2"":{""input_state"":2,""op"":""sep_conv_5x5""}},{""branch_1"":{""input_state"":0,""op"":""dil_sep_conv_3x3""},""branch_2"":{""input_state"":2,""op"":""dil_sep_conv_3x3""}},{""branch_1"":{""input_state"":2,""op"":""identity""},""branch_2"":{""input_state"":3,""op"":""avg_pool_3x3""}},{""branch_1"":{""input_state"":0,""op"":""max_pool_3x3""},""branch_2"":{""input_state"":5,""op"":""dil_sep_conv_3x3""}}]}}",hidden_state,0.791,0.791,0.791,683014,103.19893399998546,"{""ages_in_evaluations"":[19,18,17,16,15,14,13,12,11,10,9,8,7,6,5,4,3,2,1,0],""oldest_to_youngest_evaluation_indices"":[8,9,10,11,12,13,14,15,16,17,18,19,20,21,22,23,24,25,26,27]}"
RE,2702,20260854,28,30,evolution,"{""normal"":{""pairs"":[{""branch_1"":{""input_state"":0,""op"":""sep_conv_5x5""},""branch_2"":{""input_state"":0,""op"":""max_pool_3x3""}},{""branch_1"":{""input_state"":2,""op"":""conv_1x7_7x1""},""branch_2"":{""input_state"":2,""op"":""sep_conv_5x5""}},{""branch_1"":{""input_state"":3,""op"":""sep_conv_3x3""},""branch_2"":{""input_state"":2,""op"":""identity""}},{""branch_1"":{""input_state"":3,""op"":""dil_sep_conv_3x3""},""branch_2"":{""input_state"":0,""op"":""max_pool_3x3""}},{""branch_1"":{""input_state"":5,""op"":""avg_pool_3x3""},""branch_2"":{""input_state"":3,""op"":""avg_pool_3x3""}}]},""reduction"":{""pairs"":[{""branch_1"":{""input_state"":0,""op"":""sep_conv_3x3""},""branch_2"":{""input_state"":1,""op"":""max_pool_3x3""}},{""branch_1"":{""input_state"":0,""op"":""avg_pool_3x3""},""branch_2"":{""input_state"":1,""op"":""sep_conv_3x3""}},{""branch_1"":{""input_state"":3,""op"":""identity""},""branch_2"":{""input_state"":0,""op"":""sep_conv_7x7""}},{""branch_1"":{""input_state"":3,""op"":""sep_conv_5x5""},""branch_2"":{""input_state"":3,""op"":""avg_pool_3x3""}},{""branch_1"":{""input_state"":4,""op"":""conv_1x7_7x1""},""branch_2"":{""input_state"":4,""op"":""max_pool_3x3""}}]}}","{""normal"":{""pairs"":[{""branch_1"":{""input_state"":0,""op"":""sep_conv_5x5""},""branch_2"":{""input_state"":0,""op"":""max_pool_3x3""}},{""branch_1"":{""input_state"":2,""op"":""conv_1x7_7x1""},""branch_2"":{""input_state"":2,""op"":""max_pool_3x3""}},{""branch_1"":{""input_state"":3,""op"":""sep_conv_3x3""},""branch_2"":{""input_state"":2,""op"":""identity""}},{""branch_1"":{""input_state"":3,""op"":""dil_sep_conv_3x3""},""branch_2"":{""input_state"":0,""op"":""max_pool_3x3""}},{""branch_1"":{""input_state"":5,""op"":""avg_pool_3x3""},""branch_2"":{""input_state"":3,""op"":""avg_pool_3x3""}}]},""reduction"":{""pairs"":[{""branch_1"":{""input_state"":0,""op"":""sep_conv_3x3""},""branch_2"":{""input_state"":1,""op"":""max_pool_3x3""}},{""branch_1"":{""input_state"":0,""op"":""avg_pool_3x3""},""branch_2"":{""input_state"":1,""op"":""sep_conv_3x3""}},{""branch_1"":{""input_state"":3,""op"":""identity""},""branch_2"":{""input_state"":0,""op"":""sep_conv_7x7""}},{""branch_1"":{""input_state"":3,""op"":""sep_conv_5x5""},""branch_2"":{""input_state"":3,""op"":""avg_pool_3x3""}},{""branch_1"":{""input_state"":4,""op"":""conv_1x7_7x1""},""branch_2"":{""input_state"":4,""op"":""max_pool_3x3""}}]}}",operation,0.8,0.8,0.8,798454,115.24923889999627,"{""ages_in_evaluations"":[19,18,17,16,15,14,13,12,11,10,9,8,7,6,5,4,3,2,1,0],""oldest_to_youngest_evaluation_indices"":[9,10,11,12,13,14,15,16,17,18,19,20,21,22,23,24,25,26,27,28]}"
RE,2702,20260855,29,30,evolution,"{""normal"":{""pairs"":[{""branch_1"":{""input_state"":0,""op"":""identity""},""branch_2"":{""input_state"":0,""op"":""max_pool_3x3""}},{""branch_1"":{""input_state"":0,""op"":""dil_sep_conv_3x3""},""branch_2"":{""input_state"":1,""op"":""dil_sep_conv_3x3""}},{""branch_1"":{""input_state"":1,""op"":""identity""},""branch_2"":{""input_state"":3,""op"":""conv_1x7_7x1""}},{""branch_1"":{""input_state"":2,""op"":""sep_conv_7x7""},""branch_2"":{""input_state"":1,""op"":""conv_1x7_7x1""}},{""branch_1"":{""input_state"":3,""op"":""identity""},""branch_2"":{""input_state"":4,""op"":""max_pool_3x3""}}]},""reduction"":{""pairs"":[{""branch_1"":{""input_state"":0,""op"":""avg_pool_3x3""},""branch_2"":{""input_state"":0,""op"":""conv_1x7_7x1""}},{""branch_1"":{""input_state"":2,""op"":""sep_conv_3x3""},""branch_2"":{""input_state"":2,""op"":""sep_conv_5x5""}},{""branch_1"":{""input_state"":0,""op"":""dil_sep_conv_3x3""},""branch_2"":{""input_state"":2,""op"":""dil_sep_conv_3x3""}},{""branch_1"":{""input_state"":2,""op"":""identity""},""branch_2"":{""input_state"":3,""op"":""avg_pool_3x3""}},{""branch_1"":{""input_state"":0,""op"":""max_pool_3x3""},""branch_2"":{""input_state"":5,""op"":""dil_sep_conv_3x3""}}]}}","{""normal"":{""pairs"":[{""branch_1"":{""input_state"":0,""op"":""identity""},""branch_2"":{""input_state"":0,""op"":""max_pool_3x3""}},{""branch_1"":{""input_state"":0,""op"":""dil_sep_conv_3x3""},""branch_2"":{""input_state"":1,""op"":""dil_sep_conv_3x3""}},{""branch_1"":{""input_state"":1,""op"":""identity""},""branch_2"":{""input_state"":3,""op"":""identity""}},{""branch_1"":{""input_state"":2,""op"":""sep_conv_7x7""},""branch_2"":{""input_state"":1,""op"":""conv_1x7_7x1""}},{""branch_1"":{""input_state"":3,""op"":""identity""},""branch_2"":{""input_state"":4,""op"":""max_pool_3x3""}}]},""reduction"":{""pairs"":[{""branch_1"":{""input_state"":0,""op"":""avg_pool_3x3""},""branch_2"":{""input_state"":0,""op"":""conv_1x7_7x1""}},{""branch_1"":{""input_state"":2,""op"":""sep_conv_3x3""},""branch_2"":{""input_state"":2,""op"":""sep_conv_5x5""}},{""branch_1"":{""input_state"":0,""op"":""dil_sep_conv_3x3""},""branch_2"":{""input_state"":2,""op"":""dil_sep_conv_3x3""}},{""branch_1"":{""input_state"":2,""op"":""identity""},""branch_2"":{""input_state"":3,""op"":""avg_pool_3x3""}},{""branch_1"":{""input_state"":0,""op"":""max_pool_3x3""},""branch_2"":{""input_state"":5,""op"":""dil_sep_conv_3x3""}}]}}",operation,0.7478,0.7478,0.7478,734674,119.30736820001039,"{""ages_in_evaluations"":[19,18,17,16,15,14,13,12,11,10,9,8,7,6,5,4,3,2,1,0],""oldest_to_youngest_evaluation_indices"":[10,11,12,13,14,15,16,17,18,19,20,21,22,23,24,25,26,27,28,29]}"
RE,2702,20260856,30,30,evolution,"{""normal"":{""pairs"":[{""branch_1"":{""input_state"":0,""op"":""sep_conv_5x5""},""branch_2"":{""input_state"":0,""op"":""max_pool_3x3""}},{""branch_1"":{""input_state"":2,""op"":""conv_1x7_7x1""},""branch_2"":{""input_state"":2,""op"":""max_pool_3x3""}},{""branch_1"":{""input_state"":3,""op"":""sep_conv_3x3""},""branch_2"":{""input_state"":2,""op"":""max_pool_3x3""}},{""branch_1"":{""input_state"":3,""op"":""dil_sep_conv_3x3""},""branch_2"":{""input_state"":0,""op"":""max_pool_3x3""}},{""branch_1"":{""input_state"":5,""op"":""avg_pool_3x3""},""branch_2"":{""input_state"":3,""op"":""avg_pool_3x3""}}]},""reduction"":{""pairs"":[{""branch_1"":{""input_state"":0,""op"":""sep_conv_3x3""},""branch_2"":{""input_state"":1,""op"":""max_pool_3x3""}},{""branch_1"":{""input_state"":0,""op"":""avg_pool_3x3""},""branch_2"":{""input_state"":1,""op"":""sep_conv_3x3""}},{""branch_1"":{""input_state"":3,""op"":""identity""},""branch_2"":{""input_state"":0,""op"":""sep_conv_7x7""}},{""branch_1"":{""input_state"":3,""op"":""sep_conv_5x5""},""branch_2"":{""input_state"":3,""op"":""avg_pool_3x3""}},{""branch_1"":{""input_state"":4,""op"":""conv_1x7_7x1""},""branch_2"":{""input_state"":4,""op"":""max_pool_3x3""}}]}}","{""normal"":{""pairs"":[{""branch_1"":{""input_state"":0,""op"":""sep_conv_5x5""},""branch_2"":{""input_state"":0,""op"":""max_pool_3x3""}},{""branch_1"":{""input_state"":2,""op"":""conv_1x7_7x1""},""branch_2"":{""input_state"":2,""op"":""max_pool_3x3""}},{""branch_1"":{""input_state"":3,""op"":""sep_conv_3x3""},""branch_2"":{""input_state"":2,""op"":""identity""}},{""branch_1"":{""input_state"":3,""op"":""dil_sep_conv_3x3""},""branch_2"":{""input_state"":0,""op"":""max_pool_3x3""}},{""branch_1"":{""input_state"":5,""op"":""avg_pool_3x3""},""branch_2"":{""input_state"":3,""op"":""avg_pool_3x3""}}]},""reduction"":{""pairs"":[{""branch_1"":{""input_state"":0,""op"":""sep_conv_3x3""},""branch_2"":{""input_state"":1,""op"":""max_pool_3x3""}},{""branch_1"":{""input_state"":0,""op"":""avg_pool_3x3""},""branch_2"":{""input_state"":1,""op"":""sep_conv_3x3""}},{""branch_1"":{""input_state"":3,""op"":""identity""},""branch_2"":{""input_state"":0,""op"":""sep_conv_7x7""}},{""branch_1"":{""input_state"":3,""op"":""sep_conv_5x5""},""branch_2"":{""input_state"":3,""op"":""avg_pool_3x3""}},{""branch_1"":{""input_state"":4,""op"":""conv_1x7_7x1""},""branch_2"":{""input_state"":4,""op"":""max_pool_3x3""}}]}}",operation,0.813,0.813,0.813,698662,105.61152030000812,"{""ages_in_evaluations"":[19,18,17,16,15,14,13,12,11,10,9,8,7,6,5,4,3,2,1,0],""oldest_to_youngest_evaluation_indices"":[11,12,13,14,15,16,17,18,19,20,21,22,23,24,25,26,27,28,29,30]}"
