method,search_seed,base_evaluation_index,architecture,seed_1,accuracy_1,seed_2,accuracy_2,mean_target,instability_target,budget_index
RS-SA-RE,1005,8,"{""normal"":{""pairs"":[{""branch_1"":{""input_state"":0,""op"":""max_pool_3x3""},""branch_2"":{""input_state"":1,""op"":""sep_conv_3x3""}},{""branch_1"":{""input_state"":1,""op"":""sep_conv_7x7""},""branch_2"":{""input_state"":0,""op"":""sep_conv_7x7""}},{""branch_1"":{""input_state"":1,""op"":""sep_conv_3x3""},""branch_2"":{""input_state"":3,""op"":""conv_1x7_7x1""}},{""branch_1"":{""input_state"":3,""op"":""sep_conv_7x7""},""branch_2"":{""input_state"":3,""op"":""max_pool_3x3""}},{""branch_1"":{""input_state"":1,""op"":""max_pool_3x3""},""branch_2"":{""input_state"":0,""op"":""identity""}}]},""reduction"":{""pairs"":[{""branch_1"":{""input_state"":1,""op"":""sep_conv_3x3""},""branch_2"":{""input_state"":0,""op"":""sep_conv_5x5""}},{""branch_1"":{""input_state"":0,""op"":""sep_conv_5x5""},""branch_2"":{""input_state"":0,""op"":""dil_sep_conv_3x3""}},{""branch_1"":{""input_state"":2,""op"":""avg_pool_3x3""},""branch_2"":{""input_state"":0,""op"":""sep_conv_5x5""}},{""branch_1"":{""input_state"":4,""op"":""sep_conv_7x7""},""branch_2"":{""input_state"":2,""op"":""sep_conv_7x7""}},{""branch_1"":{""input_state"":3,""op"":""dil_sep_conv_3x3""},""branch_2"":{""input_state"":1,""op"":""dil_sep_conv_3x3""}}]}}",20260834,0.7888,21260834,0.7942,0.7915,0.005400000000000071,21
RS-SA-RE,1005,5,"{""normal"":{""pairs"":[{""branch_1"":{""input_state"":1,""op"":""sep_conv_5x5""},""branch_2"":{""input_state"":1,""op"":""avg_pool_3x3""}},{""branch_1"":{""input_state"":1,""op"":""sep_conv_7x7""},""branch_2"":{""input_state"":0,""op"":""dil_sep_conv_3x3""}},{""branch_1"":{""input_state"":1,""op"":""max_pool_3x3""},""branch_2"":{""input_state"":3,""op"":""conv_1x7_7x1""}},{""branch_1"":{""input_state"":2,""op"":""sep_conv_7x7""},""branch_2"":{""input_state"":0,""op"":""dil_sep_conv_3x3""}},{""branch_1"":{""input_state"":5,""op"":""dil_sep_conv_3x3""},""branch_2"":{""input_state"":2,""op"":""sep_conv_5x5""}}]},""reduction"":{""pairs"":[{""branch_1"":{""input_state"":0,""op"":""conv_1x7_7x1""},""branch_2"":{""input_state"":0,""op"":""dil_sep_conv_3x3""}},{""branch_1"":{""input_state"":2,""op"":""conv_1x7_7x1""},""branch_2"":{""input_state"":1,""op"":""sep_conv_5x5""}},{""branch_1"":{""input_state"":1,""op"":""sep_conv_7x7""},""branch_2"":{""input_state"":0,""op"":""sep_conv_5x5""}},{""branch_1"":{""input_state"":2,""op"":""conv_1x7_7x1""},""branch_2"":{""input_state"":3,""op"":""dil_sep_conv_3x3""}},{""branch_1"":{""input_state"":2,""op"":""sep_conv_7x7""},""branch_2"":{""input_state"":5,""op"":""identity""}}]}}",20260831,0.6928,21260831,0.6952,0.694,0.0024000000000000687,22
RS-SA-RE,1005,18,"{""normal"":{""pairs"":[{""branch_1"":{""input_state"":1,""op"":""sep_conv_7x7""},""branch_2"":{""input_state"":1,""op"":""conv_1x7_7x1""}},{""branch_1"":{""input_state"":0,""op"":""conv_1x7_7x1""},""branch_2"":{""input_state"":1,""op"":""avg_pool_3x3""}},{""branch_1"":{""input_state"":2,""op"":""sep_conv_3x3""},""branch_2"":{""input_state"":3,""op"":""avg_pool_3x3""}},{""branch_1"":{""input_state"":4,""op"":""identity""},""branch_2"":{""input_state"":2,""op"":""sep_conv_3x3""}},{""branch_1"":{""input_state"":3,""op"":""dil_sep_conv_3x3""},""branch_2"":{""input_state"":5,""op"":""dil_sep_conv_3x3""}}]},""reduction"":{""pairs"":[{""branch_1"":{""input_state"":0,""op"":""sep_conv_7x7""},""branch_2"":{""input_state"":0,""op"":""sep_conv_7x7""}},{""branch_1"":{""input_state"":2,""op"":""avg_pool_3x3""},""branch_2"":{""input_state"":1,""op"":""max_pool_3x3""}},{""branch_1"":{""input_state"":3,""op"":""sep_conv_7x7""},""branch_2"":{""input_state"":3,""op"":""max_pool_3x3""}},{""branch_1"":{""input_state"":0,""op"":""identity""},""branch_2"":{""input_state"":2,""op"":""max_pool_3x3""}},{""branch_1"":{""input_state"":2,""op"":""identity""},""branch_2"":{""input_state"":1,""op"":""sep_conv_3x3""}}]}}",20260844,0.5976,21260844,0.5876,0.5926,0.010000000000000009,23
RS-SA-RE,1005,15,"{""normal"":{""pairs"":[{""branch_1"":{""input_state"":0,""op"":""avg_pool_3x3""},""branch_2"":{""input_state"":0,""op"":""identity""}},{""branch_1"":{""input_state"":1,""op"":""max_pool_3x3""},""branch_2"":{""input_state"":2,""op"":""avg_pool_3x3""}},{""branch_1"":{""input_state"":2,""op"":""max_pool_3x3""},""branch_2"":{""input_state"":2,""op"":""max_pool_3x3""}},{""branch_1"":{""input_state"":0,""op"":""dil_sep_conv_3x3""},""branch_2"":{""input_state"":1,""op"":""identity""}},{""branch_1"":{""input_state"":5,""op"":""sep_conv_3x3""},""branch_2"":{""input_state"":5,""op"":""avg_pool_3x3""}}]},""reduction"":{""pairs"":[{""branch_1"":{""input_state"":0,""op"":""sep_conv_3x3""},""branch_2"":{""input_state"":1,""op"":""identity""}},{""branch_1"":{""input_state"":2,""op"":""identity""},""branch_2"":{""input_state"":1,""op"":""dil_sep_conv_3x3""}},{""branch_1"":{""input_state"":1,""op"":""sep_conv_5x5""},""branch_2"":{""input_state"":2,""op"":""conv_1x7_7x1""}},{""branch_1"":{""input_state"":2,""op"":""avg_pool_3x3""},""branch_2"":{""input_state"":4,""op"":""sep_conv_3x3""}},{""branch_1"":{""input_state"":2,""op"":""sep_conv_5x5""},""branch_2"":{""input_state"":5,""op"":""sep_conv_7x7""}}]}}",20260841,0.817,21260841,0.812,0.8145,0.004999999999999893,24
RS-SA-RE,1005,16,"{""normal"":{""pairs"":[{""branch_1"":{""input_state"":0,""op"":""sep_conv_7x7""},""branch_2"":{""input_state"":1,""op"":""max_pool_3x3""}},{""branch_1"":{""input_state"":0,""op"":""dil_sep_conv_3x3""},""branch_2"":{""input_state"":1,""op"":""sep_conv_7x7""}},{""branch_1"":{""input_state"":3,""op"":""conv_1x7_7x1""},""branch_2"":{""input_state"":1,""op"":""identity""}},{""branch_1"":{""input_state"":2,""op"":""max_pool_3x3""},""branch_2"":{""input_state"":0,""op"":""sep_conv_5x5""}},{""branch_1"":{""input_state"":1,""op"":""conv_1x7_7x1""},""branch_2"":{""input_state"":0,""op"":""identity""}}]},""reduction"":{""pairs"":[{""branch_1"":{""input_state"":1,""op"":""sep_conv_5x5""},""branch_2"":{""input_state"":0,""op"":""sep_conv_5x5""}},{""branch_1"":{""input_state"":2,""op"":""sep_conv_3x3""},""branch_2"":{""input_state"":2,""op"":""sep_conv_5x5""}},{""branch_1"":{""input_state"":3,""op"":""sep_conv_3x3""},""branch_2"":{""input_state"":1,""op"":""conv_1x7_7x1""}},{""branch_1"":{""input_state"":0,""op"":""sep_conv_7x7""},""branch_2"":{""input_state"":2,""op"":""max_pool_3x3""}},{""branch_1"":{""input_state"":2,""op"":""max_pool_3x3""},""branch_2"":{""input_state"":0,""op"":""identity""}}]}}",20260842,0.7864,21260842,0.7944,0.7904,0.008000000000000007,29
RS-SA-RE,1005,23,"{""normal"":{""pairs"":[{""branch_1"":{""input_state"":1,""op"":""conv_1x7_7x1""},""branch_2"":{""input_state"":0,""op"":""sep_conv_3x3""}},{""branch_1"":{""input_state"":1,""op"":""sep_conv_5x5""},""branch_2"":{""input_state"":0,""op"":""sep_conv_7x7""}},{""branch_1"":{""input_state"":3,""op"":""sep_conv_5x5""},""branch_2"":{""input_state"":3,""op"":""sep_conv_3x3""}},{""branch_1"":{""input_state"":1,""op"":""dil_sep_conv_3x3""},""branch_2"":{""input_state"":4,""op"":""identity""}},{""branch_1"":{""input_state"":3,""op"":""avg_pool_3x3""},""branch_2"":{""input_state"":4,""op"":""avg_pool_3x3""}}]},""reduction"":{""pairs"":[{""branch_1"":{""input_state"":0,""op"":""identity""},""branch_2"":{""input_state"":0,""op"":""max_pool_3x3""}},{""branch_1"":{""input_state"":0,""op"":""conv_1x7_7x1""},""branch_2"":{""input_state"":0,""op"":""sep_conv_7x7""}},{""branch_1"":{""input_state"":3,""op"":""max_pool_3x3""},""branch_2"":{""input_state"":2,""op"":""sep_conv_3x3""}},{""branch_1"":{""input_state"":0,""op"":""max_pool_3x3""},""branch_2"":{""input_state"":0,""op"":""dil_sep_conv_3x3""}},{""branch_1"":{""input_state"":0,""op"":""dil_sep_conv_3x3""},""branch_2"":{""input_state"":0,""op"":""avg_pool_3x3""}}]}}",20260849,0.761,21260849,0.751,0.756,0.010000000000000009,34
RS-SA-RE,1005,10,"{""normal"":{""pairs"":[{""branch_1"":{""input_state"":1,""op"":""dil_sep_conv_3x3""},""branch_2"":{""input_state"":0,""op"":""avg_pool_3x3""}},{""branch_1"":{""input_state"":0,""op"":""dil_sep_conv_3x3""},""branch_2"":{""input_state"":2,""op"":""sep_conv_3x3""}},{""branch_1"":{""input_state"":0,""op"":""sep_conv_7x7""},""branch_2"":{""input_state"":1,""op"":""conv_1x7_7x1""}},{""branch_1"":{""input_state"":2,""op"":""identity""},""branch_2"":{""input_state"":2,""op"":""sep_conv_3x3""}},{""branch_1"":{""input_state"":3,""op"":""sep_conv_3x3""},""branch_2"":{""input_state"":3,""op"":""max_pool_3x3""}}]},""reduction"":{""pairs"":[{""branch_1"":{""input_state"":1,""op"":""identity""},""branch_2"":{""input_state"":1,""op"":""conv_1x7_7x1""}},{""branch_1"":{""input_state"":2,""op"":""avg_pool_3x3""},""branch_2"":{""input_state"":0,""op"":""sep_conv_3x3""}},{""branch_1"":{""input_state"":1,""op"":""identity""},""branch_2"":{""input_state"":1,""op"":""conv_1x7_7x1""}},{""branch_1"":{""input_state"":4,""op"":""dil_sep_conv_3x3""},""branch_2"":{""input_state"":2,""op"":""dil_sep_conv_3x3""}},{""branch_1"":{""input_state"":0,""op"":""identity""},""branch_2"":{""input_state"":3,""op"":""identity""}}]}}",20260836,0.7188,21260836,0.7244,0.7216,0.005600000000000049,39
RS-SA-RE,1005,29,"{""normal"":{""pairs"":[{""branch_1"":{""input_state"":0,""op"":""avg_pool_3x3""},""branch_2"":{""input_state"":0,""op"":""identity""}},{""branch_1"":{""input_state"":0,""op"":""max_pool_3x3""},""branch_2"":{""input_state"":2,""op"":""avg_pool_3x3""}},{""branch_1"":{""input_state"":2,""op"":""max_pool_3x3""},""branch_2"":{""input_state"":2,""op"":""max_pool_3x3""}},{""branch_1"":{""input_state"":0,""op"":""dil_sep_conv_3x3""},""branch_2"":{""input_state"":1,""op"":""identity""}},{""branch_1"":{""input_state"":5,""op"":""sep_conv_3x3""},""branch_2"":{""input_state"":5,""op"":""avg_pool_3x3""}}]},""reduction"":{""pairs"":[{""branch_1"":{""input_state"":0,""op"":""sep_conv_3x3""},""branch_2"":{""input_state"":0,""op"":""identity""}},{""branch_1"":{""input_state"":2,""op"":""identity""},""branch_2"":{""input_state"":2,""op"":""dil_sep_conv_3x3""}},{""branch_1"":{""input_state"":1,""op"":""sep_conv_5x5""},""branch_2"":{""input_state"":2,""op"":""conv_1x7_7x1""}},{""branch_1"":{""input_state"":2,""op"":""avg_pool_3x3""},""branch_2"":{""input_state"":4,""op"":""sep_conv_3x3""}},{""branch_1"":{""input_state"":2,""op"":""sep_conv_5x5""},""branch_2"":{""input_state"":5,""op"":""sep_conv_7x7""}}]}}",20260855,0.805,21260855,0.8054,0.8052,0.00039999999999995595,44
RS-SA-RE,1005,27,"{""normal"":{""pairs"":[{""branch_1"":{""input_state"":0,""op"":""avg_pool_3x3""},""branch_2"":{""input_state"":0,""op"":""identity""}},{""branch_1"":{""input_state"":0,""op"":""max_pool_3x3""},""branch_2"":{""input_state"":2,""op"":""avg_pool_3x3""}},{""branch_1"":{""input_state"":2,""op"":""max_pool_3x3""},""branch_2"":{""input_state"":2,""op"":""max_pool_3x3""}},{""branch_1"":{""input_state"":0,""op"":""dil_sep_conv_3x3""},""branch_2"":{""input_state"":1,""op"":""identity""}},{""branch_1"":{""input_state"":5,""op"":""sep_conv_3x3""},""branch_2"":{""input_state"":5,""op"":""avg_pool_3x3""}}]},""reduction"":{""pairs"":[{""branch_1"":{""input_state"":0,""op"":""sep_conv_3x3""},""branch_2"":{""input_state"":1,""op"":""identity""}},{""branch_1"":{""input_state"":2,""op"":""identity""},""branch_2"":{""input_state"":1,""op"":""dil_sep_conv_3x3""}},{""branch_1"":{""input_state"":1,""op"":""sep_conv_5x5""},""branch_2"":{""input_state"":2,""op"":""conv_1x7_7x1""}},{""branch_1"":{""input_state"":2,""op"":""avg_pool_3x3""},""branch_2"":{""input_state"":4,""op"":""sep_conv_3x3""}},{""branch_1"":{""input_state"":2,""op"":""sep_conv_5x5""},""branch_2"":{""input_state"":5,""op"":""sep_conv_7x7""}}]}}",20260853,0.801,21260853,0.8206,0.8108,0.01959999999999995,49
RS-SA-RE,1005,4,"{""normal"":{""pairs"":[{""branch_1"":{""input_state"":1,""op"":""conv_1x7_7x1""},""branch_2"":{""input_state"":0,""op"":""sep_conv_3x3""}},{""branch_1"":{""input_state"":0,""op"":""avg_pool_3x3""},""branch_2"":{""input_state"":1,""op"":""dil_sep_conv_3x3""}},{""branch_1"":{""input_state"":2,""op"":""dil_sep_conv_3x3""},""branch_2"":{""input_state"":1,""op"":""dil_sep_conv_3x3""}},{""branch_1"":{""input_state"":3,""op"":""max_pool_3x3""},""branch_2"":{""input_state"":0,""op"":""sep_conv_7x7""}},{""branch_1"":{""input_state"":5,""op"":""sep_conv_7x7""},""branch_2"":{""input_state"":3,""op"":""avg_pool_3x3""}}]},""reduction"":{""pairs"":[{""branch_1"":{""input_state"":0,""op"":""identity""},""branch_2"":{""input_state"":1,""op"":""sep_conv_3x3""}},{""branch_1"":{""input_state"":1,""op"":""identity""},""branch_2"":{""input_state"":1,""op"":""conv_1x7_7x1""}},{""branch_1"":{""input_state"":2,""op"":""conv_1x7_7x1""},""branch_2"":{""input_state"":2,""op"":""avg_pool_3x3""}},{""branch_1"":{""input_state"":0,""op"":""avg_pool_3x3""},""branch_2"":{""input_state"":0,""op"":""sep_conv_3x3""}},{""branch_1"":{""input_state"":3,""op"":""sep_conv_3x3""},""branch_2"":{""input_state"":4,""op"":""dil_sep_conv_3x3""}}]}}",20260830,0.697,21260830,0.719,0.708,0.02200000000000002,54
RS-SA-RE,1005,14,"{""normal"":{""pairs"":[{""branch_1"":{""input_state"":0,""op"":""conv_1x7_7x1""},""branch_2"":{""input_state"":0,""op"":""identity""}},{""branch_1"":{""input_state"":2,""op"":""sep_conv_5x5""},""branch_2"":{""input_state"":0,""op"":""identity""}},{""branch_1"":{""input_state"":2,""op"":""avg_pool_3x3""},""branch_2"":{""input_state"":1,""op"":""sep_conv_3x3""}},{""branch_1"":{""input_state"":2,""op"":""dil_sep_conv_3x3""},""branch_2"":{""input_state"":0,""op"":""conv_1x7_7x1""}},{""branch_1"":{""input_state"":4,""op"":""max_pool_3x3""},""branch_2"":{""input_state"":5,""op"":""identity""}}]},""reduction"":{""pairs"":[{""branch_1"":{""input_state"":0,""op"":""conv_1x7_7x1""},""branch_2"":{""input_state"":0,""op"":""max_pool_3x3""}},{""branch_1"":{""input_state"":1,""op"":""dil_sep_conv_3x3""},""branch_2"":{""input_state"":1,""op"":""sep_conv_3x3""}},{""branch_1"":{""input_state"":1,""op"":""conv_1x7_7x1""},""branch_2"":{""input_state"":2,""op"":""sep_conv_7x7""}},{""branch_1"":{""input_state"":2,""op"":""conv_1x7_7x1""},""branch_2"":{""input_state"":4,""op"":""avg_pool_3x3""}},{""branch_1"":{""input_state"":5,""op"":""avg_pool_3x3""},""branch_2"":{""input_state"":4,""op"":""conv_1x7_7x1""}}]}}",20260840,0.763,21260840,0.772,0.7675000000000001,0.009000000000000008,59
