method,search_seed,evaluation_index,parent_evaluation_index,parent_architecture,candidate_index,candidate_architecture,mutation_type,predicted_mu,selected,surrogate_training_size,surrogate_training_mse
SA-RE,2710,21,20,"{""normal"":{""pairs"":[{""branch_1"":{""input_state"":1,""op"":""sep_conv_5x5""},""branch_2"":{""input_state"":1,""op"":""dil_sep_conv_3x3""}},{""branch_1"":{""input_state"":1,""op"":""sep_conv_7x7""},""branch_2"":{""input_state"":0,""op"":""sep_conv_5x5""}},{""branch_1"":{""input_state"":2,""op"":""max_pool_3x3""},""branch_2"":{""input_state"":0,""op"":""dil_sep_conv_3x3""}},{""branch_1"":{""input_state"":2,""op"":""sep_conv_3x3""},""branch_2"":{""input_state"":3,""op"":""sep_conv_5x5""}},{""branch_1"":{""input_state"":0,""op"":""identity""},""branch_2"":{""input_state"":4,""op"":""max_pool_3x3""}}]},""reduction"":{""pairs"":[{""branch_1"":{""input_state"":1,""op"":""sep_conv_7x7""},""branch_2"":{""input_state"":1,""op"":""conv_1x7_7x1""}},{""branch_1"":{""input_state"":2,""op"":""dil_sep_conv_3x3""},""branch_2"":{""input_state"":0,""op"":""conv_1x7_7x1""}},{""branch_1"":{""input_state"":0,""op"":""max_pool_3x3""},""branch_2"":{""input_state"":3,""op"":""sep_conv_5x5""}},{""branch_1"":{""input_state"":1,""op"":""max_pool_3x3""},""branch_2"":{""input_state"":0,""op"":""sep_conv_7x7""}},{""branch_1"":{""input_state"":0,""op"":""avg_pool_3x3""},""branch_2"":{""input_state"":0,""op"":""sep_conv_7x7""}}]}}",0,"{""normal"":{""pairs"":[{""branch_1"":{""input_state"":1,""op"":""sep_conv_5x5""},""branch_2"":{""input_state"":1,""op"":""dil_sep_conv_3x3""}},{""branch_1"":{""input_state"":1,""op"":""sep_conv_7x7""},""branch_2"":{""input_state"":0,""op"":""sep_conv_5x5""}},{""branch_1"":{""input_state"":2,""op"":""max_pool_3x3""},""branch_2"":{""input_state"":0,""op"":""dil_sep_conv_3x3""}},{""branch_1"":{""input_state"":2,""op"":""sep_conv_3x3""},""branch_2"":{""input_state"":3,""op"":""sep_conv_5x5""}},{""branch_1"":{""input_state"":0,""op"":""identity""},""branch_2"":{""input_state"":4,""op"":""max_pool_3x3""}}]},""reduction"":{""pairs"":[{""branch_1"":{""input_state"":1,""op"":""sep_conv_7x7""},""branch_2"":{""input_state"":1,""op"":""conv_1x7_7x1""}},{""branch_1"":{""input_state"":2,""op"":""dil_sep_conv_3x3""},""branch_2"":{""input_state"":0,""op"":""conv_1x7_7x1""}},{""branch_1"":{""input_state"":0,""op"":""identity""},""branch_2"":{""input_state"":3,""op"":""sep_conv_5x5""}},{""branch_1"":{""input_state"":1,""op"":""max_pool_3x3""},""branch_2"":{""input_state"":0,""op"":""sep_conv_7x7""}},{""branch_1"":{""input_state"":0,""op"":""avg_pool_3x3""},""branch_2"":{""input_state"":0,""op"":""sep_conv_7x7""}}]}}",operation,0.45837295055389404,False,20,4.0536138889990525e-09
SA-RE,2710,21,20,"{""normal"":{""pairs"":[{""branch_1"":{""input_state"":1,""op"":""sep_conv_5x5""},""branch_2"":{""input_state"":1,""op"":""dil_sep_conv_3x3""}},{""branch_1"":{""input_state"":1,""op"":""sep_conv_7x7""},""branch_2"":{""input_state"":0,""op"":""sep_conv_5x5""}},{""branch_1"":{""input_state"":2,""op"":""max_pool_3x3""},""branch_2"":{""input_state"":0,""op"":""dil_sep_conv_3x3""}},{""branch_1"":{""input_state"":2,""op"":""sep_conv_3x3""},""branch_2"":{""input_state"":3,""op"":""sep_conv_5x5""}},{""branch_1"":{""input_state"":0,""op"":""identity""},""branch_2"":{""input_state"":4,""op"":""max_pool_3x3""}}]},""reduction"":{""pairs"":[{""branch_1"":{""input_state"":1,""op"":""sep_conv_7x7""},""branch_2"":{""input_state"":1,""op"":""conv_1x7_7x1""}},{""branch_1"":{""input_state"":2,""op"":""dil_sep_conv_3x3""},""branch_2"":{""input_state"":0,""op"":""conv_1x7_7x1""}},{""branch_1"":{""input_state"":0,""op"":""max_pool_3x3""},""branch_2"":{""input_state"":3,""op"":""sep_conv_5x5""}},{""branch_1"":{""input_state"":1,""op"":""max_pool_3x3""},""branch_2"":{""input_state"":0,""op"":""sep_conv_7x7""}},{""branch_1"":{""input_state"":0,""op"":""avg_pool_3x3""},""branch_2"":{""input_state"":0,""op"":""sep_conv_7x7""}}]}}",1,"{""normal"":{""pairs"":[{""branch_1"":{""input_state"":1,""op"":""sep_conv_5x5""},""branch_2"":{""input_state"":1,""op"":""dil_sep_conv_3x3""}},{""branch_1"":{""input_state"":1,""op"":""sep_conv_7x7""},""branch_2"":{""input_state"":0,""op"":""sep_conv_5x5""}},{""branch_1"":{""input_state"":2,""op"":""max_pool_3x3""},""branch_2"":{""input_state"":0,""op"":""identity""}},{""branch_1"":{""input_state"":2,""op"":""sep_conv_3x3""},""branch_2"":{""input_state"":3,""op"":""sep_conv_5x5""}},{""branch_1"":{""input_state"":0,""op"":""identity""},""branch_2"":{""input_state"":4,""op"":""max_pool_3x3""}}]},""reduction"":{""pairs"":[{""branch_1"":{""input_state"":1,""op"":""sep_conv_7x7""},""branch_2"":{""input_state"":1,""op"":""conv_1x7_7x1""}},{""branch_1"":{""input_state"":2,""op"":""dil_sep_conv_3x3""},""branch_2"":{""input_state"":0,""op"":""conv_1x7_7x1""}},{""branch_1"":{""input_state"":0,""op"":""max_pool_3x3""},""branch_2"":{""input_state"":3,""op"":""sep_conv_5x5""}},{""branch_1"":{""input_state"":1,""op"":""max_pool_3x3""},""branch_2"":{""input_state"":0,""op"":""sep_conv_7x7""}},{""branch_1"":{""input_state"":0,""op"":""avg_pool_3x3""},""branch_2"":{""input_state"":0,""op"":""sep_conv_7x7""}}]}}",operation,0.4459800124168396,False,20,4.0536138889990525e-09
SA-RE,2710,21,20,"{""normal"":{""pairs"":[{""branch_1"":{""input_state"":1,""op"":""sep_conv_5x5""},""branch_2"":{""input_state"":1,""op"":""dil_sep_conv_3x3""}},{""branch_1"":{""input_state"":1,""op"":""sep_conv_7x7""},""branch_2"":{""input_state"":0,""op"":""sep_conv_5x5""}},{""branch_1"":{""input_state"":2,""op"":""max_pool_3x3""},""branch_2"":{""input_state"":0,""op"":""dil_sep_conv_3x3""}},{""branch_1"":{""input_state"":2,""op"":""sep_conv_3x3""},""branch_2"":{""input_state"":3,""op"":""sep_conv_5x5""}},{""branch_1"":{""input_state"":0,""op"":""identity""},""branch_2"":{""input_state"":4,""op"":""max_pool_3x3""}}]},""reduction"":{""pairs"":[{""branch_1"":{""input_state"":1,""op"":""sep_conv_7x7""},""branch_2"":{""input_state"":1,""op"":""conv_1x7_7x1""}},{""branch_1"":{""input_state"":2,""op"":""dil_sep_conv_3x3""},""branch_2"":{""input_state"":0,""op"":""conv_1x7_7x1""}},{""branch_1"":{""input_state"":0,""op"":""max_pool_3x3""},""branch_2"":{""input_state"":3,""op"":""sep_conv_5x5""}},{""branch_1"":{""input_state"":1,""op"":""max_pool_3x3""},""branch_2"":{""input_state"":0,""op"":""sep_conv_7x7""}},{""branch_1"":{""input_state"":0,""op"":""avg_pool_3x3""},""branch_2"":{""input_state"":0,""op"":""sep_conv_7x7""}}]}}",2,"{""normal"":{""pairs"":[{""branch_1"":{""input_state"":1,""op"":""sep_conv_5x5""},""branch_2"":{""input_state"":1,""op"":""dil_sep_conv_3x3""}},{""branch_1"":{""input_state"":1,""op"":""sep_conv_7x7""},""branch_2"":{""input_state"":0,""op"":""sep_conv_5x5""}},{""branch_1"":{""input_state"":2,""op"":""max_pool_3x3""},""branch_2"":{""input_state"":0,""op"":""dil_sep_conv_3x3""}},{""branch_1"":{""input_state"":2,""op"":""sep_conv_3x3""},""branch_2"":{""input_state"":3,""op"":""sep_conv_5x5""}},{""branch_1"":{""input_state"":5,""op"":""identity""},""branch_2"":{""input_state"":4,""op"":""max_pool_3x3""}}]},""reduction"":{""pairs"":[{""branch_1"":{""input_state"":1,""op"":""sep_conv_7x7""},""branch_2"":{""input_state"":1,""op"":""conv_1x7_7x1""}},{""branch_1"":{""input_state"":2,""op"":""dil_sep_conv_3x3""},""branch_2"":{""input_state"":0,""op"":""conv_1x7_7x1""}},{""branch_1"":{""input_state"":0,""op"":""max_pool_3x3""},""branch_2"":{""input_state"":3,""op"":""sep_conv_5x5""}},{""branch_1"":{""input_state"":1,""op"":""max_pool_3x3""},""branch_2"":{""input_state"":0,""op"":""sep_conv_7x7""}},{""branch_1"":{""input_state"":0,""op"":""avg_pool_3x3""},""branch_2"":{""input_state"":0,""op"":""sep_conv_7x7""}}]}}",hidden_state,0.4642336368560791,False,20,4.0536138889990525e-09
SA-RE,2710,21,20,"{""normal"":{""pairs"":[{""branch_1"":{""input_state"":1,""op"":""sep_conv_5x5""},""branch_2"":{""input_state"":1,""op"":""dil_sep_conv_3x3""}},{""branch_1"":{""input_state"":1,""op"":""sep_conv_7x7""},""branch_2"":{""input_state"":0,""op"":""sep_conv_5x5""}},{""branch_1"":{""input_state"":2,""op"":""max_pool_3x3""},""branch_2"":{""input_state"":0,""op"":""dil_sep_conv_3x3""}},{""branch_1"":{""input_state"":2,""op"":""sep_conv_3x3""},""branch_2"":{""input_state"":3,""op"":""sep_conv_5x5""}},{""branch_1"":{""input_state"":0,""op"":""identity""},""branch_2"":{""input_state"":4,""op"":""max_pool_3x3""}}]},""reduction"":{""pairs"":[{""branch_1"":{""input_state"":1,""op"":""sep_conv_7x7""},""branch_2"":{""input_state"":1,""op"":""conv_1x7_7x1""}},{""branch_1"":{""input_state"":2,""op"":""dil_sep_conv_3x3""},""branch_2"":{""input_state"":0,""op"":""conv_1x7_7x1""}},{""branch_1"":{""input_state"":0,""op"":""max_pool_3x3""},""branch_2"":{""input_state"":3,""op"":""sep_conv_5x5""}},{""branch_1"":{""input_state"":1,""op"":""max_pool_3x3""},""branch_2"":{""input_state"":0,""op"":""sep_conv_7x7""}},{""branch_1"":{""input_state"":0,""op"":""avg_pool_3x3""},""branch_2"":{""input_state"":0,""op"":""sep_conv_7x7""}}]}}",3,"{""normal"":{""pairs"":[{""branch_1"":{""input_state"":1,""op"":""sep_conv_5x5""},""branch_2"":{""input_state"":1,""op"":""dil_sep_conv_3x3""}},{""branch_1"":{""input_state"":1,""op"":""sep_conv_7x7""},""branch_2"":{""input_state"":0,""op"":""sep_conv_5x5""}},{""branch_1"":{""input_state"":2,""op"":""max_pool_3x3""},""branch_2"":{""input_state"":0,""op"":""dil_sep_conv_3x3""}},{""branch_1"":{""input_state"":2,""op"":""sep_conv_3x3""},""branch_2"":{""input_state"":3,""op"":""sep_conv_5x5""}},{""branch_1"":{""input_state"":0,""op"":""identity""},""branch_2"":{""input_state"":4,""op"":""max_pool_3x3""}}]},""reduction"":{""pairs"":[{""branch_1"":{""input_state"":1,""op"":""sep_conv_7x7""},""branch_2"":{""input_state"":1,""op"":""conv_1x7_7x1""}},{""branch_1"":{""input_state"":2,""op"":""dil_sep_conv_3x3""},""branch_2"":{""input_state"":0,""op"":""conv_1x7_7x1""}},{""branch_1"":{""input_state"":0,""op"":""max_pool_3x3""},""branch_2"":{""input_state"":3,""op"":""sep_conv_5x5""}},{""branch_1"":{""input_state"":2,""op"":""max_pool_3x3""},""branch_2"":{""input_state"":0,""op"":""sep_conv_7x7""}},{""branch_1"":{""input_state"":0,""op"":""avg_pool_3x3""},""branch_2"":{""input_state"":0,""op"":""sep_conv_7x7""}}]}}",hidden_state,0.48730093240737915,True,20,4.0536138889990525e-09
SA-RE,2710,21,20,"{""normal"":{""pairs"":[{""branch_1"":{""input_state"":1,""op"":""sep_conv_5x5""},""branch_2"":{""input_state"":1,""op"":""dil_sep_conv_3x3""}},{""branch_1"":{""input_state"":1,""op"":""sep_conv_7x7""},""branch_2"":{""input_state"":0,""op"":""sep_conv_5x5""}},{""branch_1"":{""input_state"":2,""op"":""max_pool_3x3""},""branch_2"":{""input_state"":0,""op"":""dil_sep_conv_3x3""}},{""branch_1"":{""input_state"":2,""op"":""sep_conv_3x3""},""branch_2"":{""input_state"":3,""op"":""sep_conv_5x5""}},{""branch_1"":{""input_state"":0,""op"":""identity""},""branch_2"":{""input_state"":4,""op"":""max_pool_3x3""}}]},""reduction"":{""pairs"":[{""branch_1"":{""input_state"":1,""op"":""sep_conv_7x7""},""branch_2"":{""input_state"":1,""op"":""conv_1x7_7x1""}},{""branch_1"":{""input_state"":2,""op"":""dil_sep_conv_3x3""},""branch_2"":{""input_state"":0,""op"":""conv_1x7_7x1""}},{""branch_1"":{""input_state"":0,""op"":""max_pool_3x3""},""branch_2"":{""input_state"":3,""op"":""sep_conv_5x5""}},{""branch_1"":{""input_state"":1,""op"":""max_pool_3x3""},""branch_2"":{""input_state"":0,""op"":""sep_conv_7x7""}},{""branch_1"":{""input_state"":0,""op"":""avg_pool_3x3""},""branch_2"":{""input_state"":0,""op"":""sep_conv_7x7""}}]}}",4,"{""normal"":{""pairs"":[{""branch_1"":{""input_state"":1,""op"":""sep_conv_5x5""},""branch_2"":{""input_state"":1,""op"":""dil_sep_conv_3x3""}},{""branch_1"":{""input_state"":1,""op"":""sep_conv_7x7""},""branch_2"":{""input_state"":0,""op"":""sep_conv_5x5""}},{""branch_1"":{""input_state"":2,""op"":""max_pool_3x3""},""branch_2"":{""input_state"":0,""op"":""dil_sep_conv_3x3""}},{""branch_1"":{""input_state"":2,""op"":""sep_conv_3x3""},""branch_2"":{""input_state"":3,""op"":""sep_conv_5x5""}},{""branch_1"":{""input_state"":0,""op"":""identity""},""branch_2"":{""input_state"":4,""op"":""max_pool_3x3""}}]},""reduction"":{""pairs"":[{""branch_1"":{""input_state"":1,""op"":""sep_conv_7x7""},""branch_2"":{""input_state"":1,""op"":""conv_1x7_7x1""}},{""branch_1"":{""input_state"":2,""op"":""dil_sep_conv_3x3""},""branch_2"":{""input_state"":0,""op"":""conv_1x7_7x1""}},{""branch_1"":{""input_state"":0,""op"":""max_pool_3x3""},""branch_2"":{""input_state"":3,""op"":""sep_conv_5x5""}},{""branch_1"":{""input_state"":1,""op"":""max_pool_3x3""},""branch_2"":{""input_state"":0,""op"":""sep_conv_7x7""}},{""branch_1"":{""input_state"":0,""op"":""avg_pool_3x3""},""branch_2"":{""input_state"":0,""op"":""sep_conv_5x5""}}]}}",operation,0.4679717421531677,False,20,4.0536138889990525e-09
SA-RE,2710,22,20,"{""normal"":{""pairs"":[{""branch_1"":{""input_state"":1,""op"":""sep_conv_5x5""},""branch_2"":{""input_state"":1,""op"":""dil_sep_conv_3x3""}},{""branch_1"":{""input_state"":1,""op"":""sep_conv_7x7""},""branch_2"":{""input_state"":0,""op"":""sep_conv_5x5""}},{""branch_1"":{""input_state"":2,""op"":""max_pool_3x3""},""branch_2"":{""input_state"":0,""op"":""dil_sep_conv_3x3""}},{""branch_1"":{""input_state"":2,""op"":""sep_conv_3x3""},""branch_2"":{""input_state"":3,""op"":""sep_conv_5x5""}},{""branch_1"":{""input_state"":0,""op"":""identity""},""branch_2"":{""input_state"":4,""op"":""max_pool_3x3""}}]},""reduction"":{""pairs"":[{""branch_1"":{""input_state"":1,""op"":""sep_conv_7x7""},""branch_2"":{""input_state"":1,""op"":""conv_1x7_7x1""}},{""branch_1"":{""input_state"":2,""op"":""dil_sep_conv_3x3""},""branch_2"":{""input_state"":0,""op"":""conv_1x7_7x1""}},{""branch_1"":{""input_state"":0,""op"":""max_pool_3x3""},""branch_2"":{""input_state"":3,""op"":""sep_conv_5x5""}},{""branch_1"":{""input_state"":1,""op"":""max_pool_3x3""},""branch_2"":{""input_state"":0,""op"":""sep_conv_7x7""}},{""branch_1"":{""input_state"":0,""op"":""avg_pool_3x3""},""branch_2"":{""input_state"":0,""op"":""sep_conv_7x7""}}]}}",0,"{""normal"":{""pairs"":[{""branch_1"":{""input_state"":1,""op"":""sep_conv_5x5""},""branch_2"":{""input_state"":1,""op"":""dil_sep_conv_3x3""}},{""branch_1"":{""input_state"":1,""op"":""sep_conv_7x7""},""branch_2"":{""input_state"":0,""op"":""sep_conv_5x5""}},{""branch_1"":{""input_state"":2,""op"":""max_pool_3x3""},""branch_2"":{""input_state"":0,""op"":""dil_sep_conv_3x3""}},{""branch_1"":{""input_state"":1,""op"":""sep_conv_3x3""},""branch_2"":{""input_state"":3,""op"":""sep_conv_5x5""}},{""branch_1"":{""input_state"":0,""op"":""identity""},""branch_2"":{""input_state"":4,""op"":""max_pool_3x3""}}]},""reduction"":{""pairs"":[{""branch_1"":{""input_state"":1,""op"":""sep_conv_7x7""},""branch_2"":{""input_state"":1,""op"":""conv_1x7_7x1""}},{""branch_1"":{""input_state"":2,""op"":""dil_sep_conv_3x3""},""branch_2"":{""input_state"":0,""op"":""conv_1x7_7x1""}},{""branch_1"":{""input_state"":0,""op"":""max_pool_3x3""},""branch_2"":{""input_state"":3,""op"":""sep_conv_5x5""}},{""branch_1"":{""input_state"":1,""op"":""max_pool_3x3""},""branch_2"":{""input_state"":0,""op"":""sep_conv_7x7""}},{""branch_1"":{""input_state"":0,""op"":""avg_pool_3x3""},""branch_2"":{""input_state"":0,""op"":""sep_conv_7x7""}}]}}",hidden_state,0.46172094345092773,False,21,3.456768581600045e-06
SA-RE,2710,22,20,"{""normal"":{""pairs"":[{""branch_1"":{""input_state"":1,""op"":""sep_conv_5x5""},""branch_2"":{""input_state"":1,""op"":""dil_sep_conv_3x3""}},{""branch_1"":{""input_state"":1,""op"":""sep_conv_7x7""},""branch_2"":{""input_state"":0,""op"":""sep_conv_5x5""}},{""branch_1"":{""input_state"":2,""op"":""max_pool_3x3""},""branch_2"":{""input_state"":0,""op"":""dil_sep_conv_3x3""}},{""branch_1"":{""input_state"":2,""op"":""sep_conv_3x3""},""branch_2"":{""input_state"":3,""op"":""sep_conv_5x5""}},{""branch_1"":{""input_state"":0,""op"":""identity""},""branch_2"":{""input_state"":4,""op"":""max_pool_3x3""}}]},""reduction"":{""pairs"":[{""branch_1"":{""input_state"":1,""op"":""sep_conv_7x7""},""branch_2"":{""input_state"":1,""op"":""conv_1x7_7x1""}},{""branch_1"":{""input_state"":2,""op"":""dil_sep_conv_3x3""},""branch_2"":{""input_state"":0,""op"":""conv_1x7_7x1""}},{""branch_1"":{""input_state"":0,""op"":""max_pool_3x3""},""branch_2"":{""input_state"":3,""op"":""sep_conv_5x5""}},{""branch_1"":{""input_state"":1,""op"":""max_pool_3x3""},""branch_2"":{""input_state"":0,""op"":""sep_conv_7x7""}},{""branch_1"":{""input_state"":0,""op"":""avg_pool_3x3""},""branch_2"":{""input_state"":0,""op"":""sep_conv_7x7""}}]}}",1,"{""normal"":{""pairs"":[{""branch_1"":{""input_state"":1,""op"":""sep_conv_5x5""},""branch_2"":{""input_state"":1,""op"":""dil_sep_conv_3x3""}},{""branch_1"":{""input_state"":1,""op"":""sep_conv_7x7""},""branch_2"":{""input_state"":0,""op"":""sep_conv_5x5""}},{""branch_1"":{""input_state"":2,""op"":""max_pool_3x3""},""branch_2"":{""input_state"":0,""op"":""dil_sep_conv_3x3""}},{""branch_1"":{""input_state"":2,""op"":""sep_conv_3x3""},""branch_2"":{""input_state"":3,""op"":""sep_conv_5x5""}},{""branch_1"":{""input_state"":0,""op"":""identity""},""branch_2"":{""input_state"":1,""op"":""max_pool_3x3""}}]},""reduction"":{""pairs"":[{""branch_1"":{""input_state"":1,""op"":""sep_conv_7x7""},""branch_2"":{""input_state"":1,""op"":""conv_1x7_7x1""}},{""branch_1"":{""input_state"":2,""op"":""dil_sep_conv_3x3""},""branch_2"":{""input_state"":0,""op"":""conv_1x7_7x1""}},{""branch_1"":{""input_state"":0,""op"":""max_pool_3x3""},""branch_2"":{""input_state"":3,""op"":""sep_conv_5x5""}},{""branch_1"":{""input_state"":1,""op"":""max_pool_3x3""},""branch_2"":{""input_state"":0,""op"":""sep_conv_7x7""}},{""branch_1"":{""input_state"":0,""op"":""avg_pool_3x3""},""branch_2"":{""input_state"":0,""op"":""sep_conv_7x7""}}]}}",hidden_state,0.46335142850875854,False,21,3.456768581600045e-06
SA-RE,2710,22,20,"{""normal"":{""pairs"":[{""branch_1"":{""input_state"":1,""op"":""sep_conv_5x5""},""branch_2"":{""input_state"":1,""op"":""dil_sep_conv_3x3""}},{""branch_1"":{""input_state"":1,""op"":""sep_conv_7x7""},""branch_2"":{""input_state"":0,""op"":""sep_conv_5x5""}},{""branch_1"":{""input_state"":2,""op"":""max_pool_3x3""},""branch_2"":{""input_state"":0,""op"":""dil_sep_conv_3x3""}},{""branch_1"":{""input_state"":2,""op"":""sep_conv_3x3""},""branch_2"":{""input_state"":3,""op"":""sep_conv_5x5""}},{""branch_1"":{""input_state"":0,""op"":""identity""},""branch_2"":{""input_state"":4,""op"":""max_pool_3x3""}}]},""reduction"":{""pairs"":[{""branch_1"":{""input_state"":1,""op"":""sep_conv_7x7""},""branch_2"":{""input_state"":1,""op"":""conv_1x7_7x1""}},{""branch_1"":{""input_state"":2,""op"":""dil_sep_conv_3x3""},""branch_2"":{""input_state"":0,""op"":""conv_1x7_7x1""}},{""branch_1"":{""input_state"":0,""op"":""max_pool_3x3""},""branch_2"":{""input_state"":3,""op"":""sep_conv_5x5""}},{""branch_1"":{""input_state"":1,""op"":""max_pool_3x3""},""branch_2"":{""input_state"":0,""op"":""sep_conv_7x7""}},{""branch_1"":{""input_state"":0,""op"":""avg_pool_3x3""},""branch_2"":{""input_state"":0,""op"":""sep_conv_7x7""}}]}}",2,"{""normal"":{""pairs"":[{""branch_1"":{""input_state"":1,""op"":""sep_conv_5x5""},""branch_2"":{""input_state"":1,""op"":""dil_sep_conv_3x3""}},{""branch_1"":{""input_state"":1,""op"":""sep_conv_7x7""},""branch_2"":{""input_state"":0,""op"":""sep_conv_5x5""}},{""branch_1"":{""input_state"":2,""op"":""max_pool_3x3""},""branch_2"":{""input_state"":0,""op"":""dil_sep_conv_3x3""}},{""branch_1"":{""input_state"":2,""op"":""sep_conv_3x3""},""branch_2"":{""input_state"":3,""op"":""sep_conv_5x5""}},{""branch_1"":{""input_state"":0,""op"":""identity""},""branch_2"":{""input_state"":4,""op"":""max_pool_3x3""}}]},""reduction"":{""pairs"":[{""branch_1"":{""input_state"":1,""op"":""sep_conv_7x7""},""branch_2"":{""input_state"":1,""op"":""conv_1x7_7x1""}},{""branch_1"":{""input_state"":2,""op"":""dil_sep_conv_3x3""},""branch_2"":{""input_state"":0,""op"":""conv_1x7_7x1""}},{""branch_1"":{""input_state"":0,""op"":""max_pool_3x3""},""branch_2"":{""input_state"":3,""op"":""sep_conv_5x5""}},{""branch_1"":{""input_state"":1,""op"":""max_pool_3x3""},""branch_2"":{""input_state"":0,""op"":""sep_conv_7x7""}},{""branch_1"":{""input_state"":0,""op"":""avg_pool_3x3""},""branch_2"":{""input_state"":0,""op"":""sep_conv_5x5""}}]}}",operation,0.4619399905204773,False,21,3.456768581600045e-06
SA-RE,2710,22,20,"{""normal"":{""pairs"":[{""branch_1"":{""input_state"":1,""op"":""sep_conv_5x5""},""branch_2"":{""input_state"":1,""op"":""dil_sep_conv_3x3""}},{""branch_1"":{""input_state"":1,""op"":""sep_conv_7x7""},""branch_2"":{""input_state"":0,""op"":""sep_conv_5x5""}},{""branch_1"":{""input_state"":2,""op"":""max_pool_3x3""},""branch_2"":{""input_state"":0,""op"":""dil_sep_conv_3x3""}},{""branch_1"":{""input_state"":2,""op"":""sep_conv_3x3""},""branch_2"":{""input_state"":3,""op"":""sep_conv_5x5""}},{""branch_1"":{""input_state"":0,""op"":""identity""},""branch_2"":{""input_state"":4,""op"":""max_pool_3x3""}}]},""reduction"":{""pairs"":[{""branch_1"":{""input_state"":1,""op"":""sep_conv_7x7""},""branch_2"":{""input_state"":1,""op"":""conv_1x7_7x1""}},{""branch_1"":{""input_state"":2,""op"":""dil_sep_conv_3x3""},""branch_2"":{""input_state"":0,""op"":""conv_1x7_7x1""}},{""branch_1"":{""input_state"":0,""op"":""max_pool_3x3""},""branch_2"":{""input_state"":3,""op"":""sep_conv_5x5""}},{""branch_1"":{""input_state"":1,""op"":""max_pool_3x3""},""branch_2"":{""input_state"":0,""op"":""sep_conv_7x7""}},{""branch_1"":{""input_state"":0,""op"":""avg_pool_3x3""},""branch_2"":{""input_state"":0,""op"":""sep_conv_7x7""}}]}}",3,"{""normal"":{""pairs"":[{""branch_1"":{""input_state"":1,""op"":""sep_conv_5x5""},""branch_2"":{""input_state"":1,""op"":""dil_sep_conv_3x3""}},{""branch_1"":{""input_state"":1,""op"":""sep_conv_7x7""},""branch_2"":{""input_state"":0,""op"":""sep_conv_5x5""}},{""branch_1"":{""input_state"":2,""op"":""max_pool_3x3""},""branch_2"":{""input_state"":0,""op"":""dil_sep_conv_3x3""}},{""branch_1"":{""input_state"":2,""op"":""sep_conv_3x3""},""branch_2"":{""input_state"":3,""op"":""sep_conv_5x5""}},{""branch_1"":{""input_state"":0,""op"":""identity""},""branch_2"":{""input_state"":4,""op"":""max_pool_3x3""}}]},""reduction"":{""pairs"":[{""branch_1"":{""input_state"":1,""op"":""conv_1x7_7x1""},""branch_2"":{""input_state"":1,""op"":""conv_1x7_7x1""}},{""branch_1"":{""input_state"":2,""op"":""dil_sep_conv_3x3""},""branch_2"":{""input_state"":0,""op"":""conv_1x7_7x1""}},{""branch_1"":{""input_state"":0,""op"":""max_pool_3x3""},""branch_2"":{""input_state"":3,""op"":""sep_conv_5x5""}},{""branch_1"":{""input_state"":1,""op"":""max_pool_3x3""},""branch_2"":{""input_state"":0,""op"":""sep_conv_7x7""}},{""branch_1"":{""input_state"":0,""op"":""avg_pool_3x3""},""branch_2"":{""input_state"":0,""op"":""sep_conv_7x7""}}]}}",operation,0.46628326177597046,True,21,3.456768581600045e-06
SA-RE,2710,22,20,"{""normal"":{""pairs"":[{""branch_1"":{""input_state"":1,""op"":""sep_conv_5x5""},""branch_2"":{""input_state"":1,""op"":""dil_sep_conv_3x3""}},{""branch_1"":{""input_state"":1,""op"":""sep_conv_7x7""},""branch_2"":{""input_state"":0,""op"":""sep_conv_5x5""}},{""branch_1"":{""input_state"":2,""op"":""max_pool_3x3""},""branch_2"":{""input_state"":0,""op"":""dil_sep_conv_3x3""}},{""branch_1"":{""input_state"":2,""op"":""sep_conv_3x3""},""branch_2"":{""input_state"":3,""op"":""sep_conv_5x5""}},{""branch_1"":{""input_state"":0,""op"":""identity""},""branch_2"":{""input_state"":4,""op"":""max_pool_3x3""}}]},""reduction"":{""pairs"":[{""branch_1"":{""input_state"":1,""op"":""sep_conv_7x7""},""branch_2"":{""input_state"":1,""op"":""conv_1x7_7x1""}},{""branch_1"":{""input_state"":2,""op"":""dil_sep_conv_3x3""},""branch_2"":{""input_state"":0,""op"":""conv_1x7_7x1""}},{""branch_1"":{""input_state"":0,""op"":""max_pool_3x3""},""branch_2"":{""input_state"":3,""op"":""sep_conv_5x5""}},{""branch_1"":{""input_state"":1,""op"":""max_pool_3x3""},""branch_2"":{""input_state"":0,""op"":""sep_conv_7x7""}},{""branch_1"":{""input_state"":0,""op"":""avg_pool_3x3""},""branch_2"":{""input_state"":0,""op"":""sep_conv_7x7""}}]}}",4,"{""normal"":{""pairs"":[{""branch_1"":{""input_state"":1,""op"":""sep_conv_5x5""},""branch_2"":{""input_state"":1,""op"":""dil_sep_conv_3x3""}},{""branch_1"":{""input_state"":1,""op"":""sep_conv_7x7""},""branch_2"":{""input_state"":0,""op"":""sep_conv_5x5""}},{""branch_1"":{""input_state"":2,""op"":""max_pool_3x3""},""branch_2"":{""input_state"":0,""op"":""dil_sep_conv_3x3""}},{""branch_1"":{""input_state"":2,""op"":""sep_conv_3x3""},""branch_2"":{""input_state"":3,""op"":""sep_conv_5x5""}},{""branch_1"":{""input_state"":0,""op"":""identity""},""branch_2"":{""input_state"":4,""op"":""max_pool_3x3""}}]},""reduction"":{""pairs"":[{""branch_1"":{""input_state"":1,""op"":""sep_conv_7x7""},""branch_2"":{""input_state"":1,""op"":""conv_1x7_7x1""}},{""branch_1"":{""input_state"":2,""op"":""dil_sep_conv_3x3""},""branch_2"":{""input_state"":0,""op"":""conv_1x7_7x1""}},{""branch_1"":{""input_state"":0,""op"":""max_pool_3x3""},""branch_2"":{""input_state"":3,""op"":""sep_conv_5x5""}},{""branch_1"":{""input_state"":1,""op"":""max_pool_3x3""},""branch_2"":{""input_state"":0,""op"":""sep_conv_7x7""}},{""branch_1"":{""input_state"":0,""op"":""avg_pool_3x3""},""branch_2"":{""input_state"":0,""op"":""sep_conv_7x7""}}]}}",identity,0.46551984548568726,False,21,3.456768581600045e-06
SA-RE,2710,23,22,"{""normal"":{""pairs"":[{""branch_1"":{""input_state"":1,""op"":""sep_conv_5x5""},""branch_2"":{""input_state"":1,""op"":""dil_sep_conv_3x3""}},{""branch_1"":{""input_state"":1,""op"":""sep_conv_7x7""},""branch_2"":{""input_state"":0,""op"":""sep_conv_5x5""}},{""branch_1"":{""input_state"":2,""op"":""max_pool_3x3""},""branch_2"":{""input_state"":0,""op"":""dil_sep_conv_3x3""}},{""branch_1"":{""input_state"":2,""op"":""sep_conv_3x3""},""branch_2"":{""input_state"":3,""op"":""sep_conv_5x5""}},{""branch_1"":{""input_state"":0,""op"":""identity""},""branch_2"":{""input_state"":4,""op"":""max_pool_3x3""}}]},""reduction"":{""pairs"":[{""branch_1"":{""input_state"":1,""op"":""conv_1x7_7x1""},""branch_2"":{""input_state"":1,""op"":""conv_1x7_7x1""}},{""branch_1"":{""input_state"":2,""op"":""dil_sep_conv_3x3""},""branch_2"":{""input_state"":0,""op"":""conv_1x7_7x1""}},{""branch_1"":{""input_state"":0,""op"":""max_pool_3x3""},""branch_2"":{""input_state"":3,""op"":""sep_conv_5x5""}},{""branch_1"":{""input_state"":1,""op"":""max_pool_3x3""},""branch_2"":{""input_state"":0,""op"":""sep_conv_7x7""}},{""branch_1"":{""input_state"":0,""op"":""avg_pool_3x3""},""branch_2"":{""input_state"":0,""op"":""sep_conv_7x7""}}]}}",0,"{""normal"":{""pairs"":[{""branch_1"":{""input_state"":1,""op"":""sep_conv_5x5""},""branch_2"":{""input_state"":1,""op"":""dil_sep_conv_3x3""}},{""branch_1"":{""input_state"":1,""op"":""sep_conv_7x7""},""branch_2"":{""input_state"":0,""op"":""sep_conv_5x5""}},{""branch_1"":{""input_state"":2,""op"":""max_pool_3x3""},""branch_2"":{""input_state"":0,""op"":""dil_sep_conv_3x3""}},{""branch_1"":{""input_state"":2,""op"":""sep_conv_3x3""},""branch_2"":{""input_state"":3,""op"":""sep_conv_5x5""}},{""branch_1"":{""input_state"":0,""op"":""identity""},""branch_2"":{""input_state"":4,""op"":""max_pool_3x3""}}]},""reduction"":{""pairs"":[{""branch_1"":{""input_state"":1,""op"":""conv_1x7_7x1""},""branch_2"":{""input_state"":1,""op"":""conv_1x7_7x1""}},{""branch_1"":{""input_state"":2,""op"":""dil_sep_conv_3x3""},""branch_2"":{""input_state"":0,""op"":""conv_1x7_7x1""}},{""branch_1"":{""input_state"":0,""op"":""max_pool_3x3""},""branch_2"":{""input_state"":3,""op"":""sep_conv_5x5""}},{""branch_1"":{""input_state"":1,""op"":""max_pool_3x3""},""branch_2"":{""input_state"":2,""op"":""sep_conv_7x7""}},{""branch_1"":{""input_state"":0,""op"":""avg_pool_3x3""},""branch_2"":{""input_state"":0,""op"":""sep_conv_7x7""}}]}}",hidden_state,0.5085521936416626,False,22,8.486858860123903e-06
SA-RE,2710,23,22,"{""normal"":{""pairs"":[{""branch_1"":{""input_state"":1,""op"":""sep_conv_5x5""},""branch_2"":{""input_state"":1,""op"":""dil_sep_conv_3x3""}},{""branch_1"":{""input_state"":1,""op"":""sep_conv_7x7""},""branch_2"":{""input_state"":0,""op"":""sep_conv_5x5""}},{""branch_1"":{""input_state"":2,""op"":""max_pool_3x3""},""branch_2"":{""input_state"":0,""op"":""dil_sep_conv_3x3""}},{""branch_1"":{""input_state"":2,""op"":""sep_conv_3x3""},""branch_2"":{""input_state"":3,""op"":""sep_conv_5x5""}},{""branch_1"":{""input_state"":0,""op"":""identity""},""branch_2"":{""input_state"":4,""op"":""max_pool_3x3""}}]},""reduction"":{""pairs"":[{""branch_1"":{""input_state"":1,""op"":""conv_1x7_7x1""},""branch_2"":{""input_state"":1,""op"":""conv_1x7_7x1""}},{""branch_1"":{""input_state"":2,""op"":""dil_sep_conv_3x3""},""branch_2"":{""input_state"":0,""op"":""conv_1x7_7x1""}},{""branch_1"":{""input_state"":0,""op"":""max_pool_3x3""},""branch_2"":{""input_state"":3,""op"":""sep_conv_5x5""}},{""branch_1"":{""input_state"":1,""op"":""max_pool_3x3""},""branch_2"":{""input_state"":0,""op"":""sep_conv_7x7""}},{""branch_1"":{""input_state"":0,""op"":""avg_pool_3x3""},""branch_2"":{""input_state"":0,""op"":""sep_conv_7x7""}}]}}",1,"{""normal"":{""pairs"":[{""branch_1"":{""input_state"":1,""op"":""sep_conv_5x5""},""branch_2"":{""input_state"":1,""op"":""avg_pool_3x3""}},{""branch_1"":{""input_state"":1,""op"":""sep_conv_7x7""},""branch_2"":{""input_state"":0,""op"":""sep_conv_5x5""}},{""branch_1"":{""input_state"":2,""op"":""max_pool_3x3""},""branch_2"":{""input_state"":0,""op"":""dil_sep_conv_3x3""}},{""branch_1"":{""input_state"":2,""op"":""sep_conv_3x3""},""branch_2"":{""input_state"":3,""op"":""sep_conv_5x5""}},{""branch_1"":{""input_state"":0,""op"":""identity""},""branch_2"":{""input_state"":4,""op"":""max_pool_3x3""}}]},""reduction"":{""pairs"":[{""branch_1"":{""input_state"":1,""op"":""conv_1x7_7x1""},""branch_2"":{""input_state"":1,""op"":""conv_1x7_7x1""}},{""branch_1"":{""input_state"":2,""op"":""dil_sep_conv_3x3""},""branch_2"":{""input_state"":0,""op"":""conv_1x7_7x1""}},{""branch_1"":{""input_state"":0,""op"":""max_pool_3x3""},""branch_2"":{""input_state"":3,""op"":""sep_conv_5x5""}},{""branch_1"":{""input_state"":1,""op"":""max_pool_3x3""},""branch_2"":{""input_state"":0,""op"":""sep_conv_7x7""}},{""branch_1"":{""input_state"":0,""op"":""avg_pool_3x3""},""branch_2"":{""input_state"":0,""op"":""sep_conv_7x7""}}]}}",operation,0.4978107511997223,False,22,8.486858860123903e-06
SA-RE,2710,23,22,"{""normal"":{""pairs"":[{""branch_1"":{""input_state"":1,""op"":""sep_conv_5x5""},""branch_2"":{""input_state"":1,""op"":""dil_sep_conv_3x3""}},{""branch_1"":{""input_state"":1,""op"":""sep_conv_7x7""},""branch_2"":{""input_state"":0,""op"":""sep_conv_5x5""}},{""branch_1"":{""input_state"":2,""op"":""max_pool_3x3""},""branch_2"":{""input_state"":0,""op"":""dil_sep_conv_3x3""}},{""branch_1"":{""input_state"":2,""op"":""sep_conv_3x3""},""branch_2"":{""input_state"":3,""op"":""sep_conv_5x5""}},{""branch_1"":{""input_state"":0,""op"":""identity""},""branch_2"":{""input_state"":4,""op"":""max_pool_3x3""}}]},""reduction"":{""pairs"":[{""branch_1"":{""input_state"":1,""op"":""conv_1x7_7x1""},""branch_2"":{""input_state"":1,""op"":""conv_1x7_7x1""}},{""branch_1"":{""input_state"":2,""op"":""dil_sep_conv_3x3""},""branch_2"":{""input_state"":0,""op"":""conv_1x7_7x1""}},{""branch_1"":{""input_state"":0,""op"":""max_pool_3x3""},""branch_2"":{""input_state"":3,""op"":""sep_conv_5x5""}},{""branch_1"":{""input_state"":1,""op"":""max_pool_3x3""},""branch_2"":{""input_state"":0,""op"":""sep_conv_7x7""}},{""branch_1"":{""input_state"":0,""op"":""avg_pool_3x3""},""branch_2"":{""input_state"":0,""op"":""sep_conv_7x7""}}]}}",2,"{""normal"":{""pairs"":[{""branch_1"":{""input_state"":1,""op"":""sep_conv_5x5""},""branch_2"":{""input_state"":1,""op"":""dil_sep_conv_3x3""}},{""branch_1"":{""input_state"":1,""op"":""sep_conv_7x7""},""branch_2"":{""input_state"":0,""op"":""sep_conv_5x5""}},{""branch_1"":{""input_state"":2,""op"":""max_pool_3x3""},""branch_2"":{""input_state"":0,""op"":""dil_sep_conv_3x3""}},{""branch_1"":{""input_state"":2,""op"":""sep_conv_3x3""},""branch_2"":{""input_state"":3,""op"":""sep_conv_5x5""}},{""branch_1"":{""input_state"":0,""op"":""identity""},""branch_2"":{""input_state"":4,""op"":""avg_pool_3x3""}}]},""reduction"":{""pairs"":[{""branch_1"":{""input_state"":1,""op"":""conv_1x7_7x1""},""branch_2"":{""input_state"":1,""op"":""conv_1x7_7x1""}},{""branch_1"":{""input_state"":2,""op"":""dil_sep_conv_3x3""},""branch_2"":{""input_state"":0,""op"":""conv_1x7_7x1""}},{""branch_1"":{""input_state"":0,""op"":""max_pool_3x3""},""branch_2"":{""input_state"":3,""op"":""sep_conv_5x5""}},{""branch_1"":{""input_state"":1,""op"":""max_pool_3x3""},""branch_2"":{""input_state"":0,""op"":""sep_conv_7x7""}},{""branch_1"":{""input_state"":0,""op"":""avg_pool_3x3""},""branch_2"":{""input_state"":0,""op"":""sep_conv_7x7""}}]}}",operation,0.49261417984962463,False,22,8.486858860123903e-06
SA-RE,2710,23,22,"{""normal"":{""pairs"":[{""branch_1"":{""input_state"":1,""op"":""sep_conv_5x5""},""branch_2"":{""input_state"":1,""op"":""dil_sep_conv_3x3""}},{""branch_1"":{""input_state"":1,""op"":""sep_conv_7x7""},""branch_2"":{""input_state"":0,""op"":""sep_conv_5x5""}},{""branch_1"":{""input_state"":2,""op"":""max_pool_3x3""},""branch_2"":{""input_state"":0,""op"":""dil_sep_conv_3x3""}},{""branch_1"":{""input_state"":2,""op"":""sep_conv_3x3""},""branch_2"":{""input_state"":3,""op"":""sep_conv_5x5""}},{""branch_1"":{""input_state"":0,""op"":""identity""},""branch_2"":{""input_state"":4,""op"":""max_pool_3x3""}}]},""reduction"":{""pairs"":[{""branch_1"":{""input_state"":1,""op"":""conv_1x7_7x1""},""branch_2"":{""input_state"":1,""op"":""conv_1x7_7x1""}},{""branch_1"":{""input_state"":2,""op"":""dil_sep_conv_3x3""},""branch_2"":{""input_state"":0,""op"":""conv_1x7_7x1""}},{""branch_1"":{""input_state"":0,""op"":""max_pool_3x3""},""branch_2"":{""input_state"":3,""op"":""sep_conv_5x5""}},{""branch_1"":{""input_state"":1,""op"":""max_pool_3x3""},""branch_2"":{""input_state"":0,""op"":""sep_conv_7x7""}},{""branch_1"":{""input_state"":0,""op"":""avg_pool_3x3""},""branch_2"":{""input_state"":0,""op"":""sep_conv_7x7""}}]}}",3,"{""normal"":{""pairs"":[{""branch_1"":{""input_state"":1,""op"":""sep_conv_5x5""},""branch_2"":{""input_state"":1,""op"":""dil_sep_conv_3x3""}},{""branch_1"":{""input_state"":1,""op"":""sep_conv_7x7""},""branch_2"":{""input_state"":0,""op"":""sep_conv_5x5""}},{""branch_1"":{""input_state"":2,""op"":""max_pool_3x3""},""branch_2"":{""input_state"":0,""op"":""sep_conv_7x7""}},{""branch_1"":{""input_state"":2,""op"":""sep_conv_3x3""},""branch_2"":{""input_state"":3,""op"":""sep_conv_5x5""}},{""branch_1"":{""input_state"":0,""op"":""identity""},""branch_2"":{""input_state"":4,""op"":""max_pool_3x3""}}]},""reduction"":{""pairs"":[{""branch_1"":{""input_state"":1,""op"":""conv_1x7_7x1""},""branch_2"":{""input_state"":1,""op"":""conv_1x7_7x1""}},{""branch_1"":{""input_state"":2,""op"":""dil_sep_conv_3x3""},""branch_2"":{""input_state"":0,""op"":""conv_1x7_7x1""}},{""branch_1"":{""input_state"":0,""op"":""max_pool_3x3""},""branch_2"":{""input_state"":3,""op"":""sep_conv_5x5""}},{""branch_1"":{""input_state"":1,""op"":""max_pool_3x3""},""branch_2"":{""input_state"":0,""op"":""sep_conv_7x7""}},{""branch_1"":{""input_state"":0,""op"":""avg_pool_3x3""},""branch_2"":{""input_state"":0,""op"":""sep_conv_7x7""}}]}}",operation,0.4763205945491791,False,22,8.486858860123903e-06
SA-RE,2710,23,22,"{""normal"":{""pairs"":[{""branch_1"":{""input_state"":1,""op"":""sep_conv_5x5""},""branch_2"":{""input_state"":1,""op"":""dil_sep_conv_3x3""}},{""branch_1"":{""input_state"":1,""op"":""sep_conv_7x7""},""branch_2"":{""input_state"":0,""op"":""sep_conv_5x5""}},{""branch_1"":{""input_state"":2,""op"":""max_pool_3x3""},""branch_2"":{""input_state"":0,""op"":""dil_sep_conv_3x3""}},{""branch_1"":{""input_state"":2,""op"":""sep_conv_3x3""},""branch_2"":{""input_state"":3,""op"":""sep_conv_5x5""}},{""branch_1"":{""input_state"":0,""op"":""identity""},""branch_2"":{""input_state"":4,""op"":""max_pool_3x3""}}]},""reduction"":{""pairs"":[{""branch_1"":{""input_state"":1,""op"":""conv_1x7_7x1""},""branch_2"":{""input_state"":1,""op"":""conv_1x7_7x1""}},{""branch_1"":{""input_state"":2,""op"":""dil_sep_conv_3x3""},""branch_2"":{""input_state"":0,""op"":""conv_1x7_7x1""}},{""branch_1"":{""input_state"":0,""op"":""max_pool_3x3""},""branch_2"":{""input_state"":3,""op"":""sep_conv_5x5""}},{""branch_1"":{""input_state"":1,""op"":""max_pool_3x3""},""branch_2"":{""input_state"":0,""op"":""sep_conv_7x7""}},{""branch_1"":{""input_state"":0,""op"":""avg_pool_3x3""},""branch_2"":{""input_state"":0,""op"":""sep_conv_7x7""}}]}}",4,"{""normal"":{""pairs"":[{""branch_1"":{""input_state"":1,""op"":""sep_conv_5x5""},""branch_2"":{""input_state"":1,""op"":""dil_sep_conv_3x3""}},{""branch_1"":{""input_state"":1,""op"":""sep_conv_7x7""},""branch_2"":{""input_state"":0,""op"":""sep_conv_5x5""}},{""branch_1"":{""input_state"":2,""op"":""conv_1x7_7x1""},""branch_2"":{""input_state"":0,""op"":""dil_sep_conv_3x3""}},{""branch_1"":{""input_state"":2,""op"":""sep_conv_3x3""},""branch_2"":{""input_state"":3,""op"":""sep_conv_5x5""}},{""branch_1"":{""input_state"":0,""op"":""identity""},""branch_2"":{""input_state"":4,""op"":""max_pool_3x3""}}]},""reduction"":{""pairs"":[{""branch_1"":{""input_state"":1,""op"":""conv_1x7_7x1""},""branch_2"":{""input_state"":1,""op"":""conv_1x7_7x1""}},{""branch_1"":{""input_state"":2,""op"":""dil_sep_conv_3x3""},""branch_2"":{""input_state"":0,""op"":""conv_1x7_7x1""}},{""branch_1"":{""input_state"":0,""op"":""max_pool_3x3""},""branch_2"":{""input_state"":3,""op"":""sep_conv_5x5""}},{""branch_1"":{""input_state"":1,""op"":""max_pool_3x3""},""branch_2"":{""input_state"":0,""op"":""sep_conv_7x7""}},{""branch_1"":{""input_state"":0,""op"":""avg_pool_3x3""},""branch_2"":{""input_state"":0,""op"":""sep_conv_7x7""}}]}}",operation,0.509598970413208,True,22,8.486858860123903e-06
SA-RE,2710,24,10,"{""normal"":{""pairs"":[{""branch_1"":{""input_state"":1,""op"":""sep_conv_3x3""},""branch_2"":{""input_state"":0,""op"":""avg_pool_3x3""}},{""branch_1"":{""input_state"":1,""op"":""sep_conv_5x5""},""branch_2"":{""input_state"":1,""op"":""identity""}},{""branch_1"":{""input_state"":2,""op"":""sep_conv_7x7""},""branch_2"":{""input_state"":0,""op"":""sep_conv_5x5""}},{""branch_1"":{""input_state"":2,""op"":""avg_pool_3x3""},""branch_2"":{""input_state"":1,""op"":""max_pool_3x3""}},{""branch_1"":{""input_state"":4,""op"":""dil_sep_conv_3x3""},""branch_2"":{""input_state"":2,""op"":""sep_conv_3x3""}}]},""reduction"":{""pairs"":[{""branch_1"":{""input_state"":1,""op"":""identity""},""branch_2"":{""input_state"":1,""op"":""sep_conv_5x5""}},{""branch_1"":{""input_state"":1,""op"":""sep_conv_3x3""},""branch_2"":{""input_state"":1,""op"":""sep_conv_5x5""}},{""branch_1"":{""input_state"":0,""op"":""max_pool_3x3""},""branch_2"":{""input_state"":1,""op"":""sep_conv_7x7""}},{""branch_1"":{""input_state"":0,""op"":""sep_conv_7x7""},""branch_2"":{""input_state"":4,""op"":""sep_conv_3x3""}},{""branch_1"":{""input_state"":2,""op"":""sep_conv_5x5""},""branch_2"":{""input_state"":5,""op"":""avg_pool_3x3""}}]}}",0,"{""normal"":{""pairs"":[{""branch_1"":{""input_state"":1,""op"":""sep_conv_3x3""},""branch_2"":{""input_state"":0,""op"":""avg_pool_3x3""}},{""branch_1"":{""input_state"":1,""op"":""sep_conv_5x5""},""branch_2"":{""input_state"":1,""op"":""identity""}},{""branch_1"":{""input_state"":2,""op"":""sep_conv_7x7""},""branch_2"":{""input_state"":0,""op"":""sep_conv_5x5""}},{""branch_1"":{""input_state"":2,""op"":""avg_pool_3x3""},""branch_2"":{""input_state"":1,""op"":""max_pool_3x3""}},{""branch_1"":{""input_state"":4,""op"":""dil_sep_conv_3x3""},""branch_2"":{""input_state"":2,""op"":""sep_conv_3x3""}}]},""reduction"":{""pairs"":[{""branch_1"":{""input_state"":0,""op"":""identity""},""branch_2"":{""input_state"":1,""op"":""sep_conv_5x5""}},{""branch_1"":{""input_state"":1,""op"":""sep_conv_3x3""},""branch_2"":{""input_state"":1,""op"":""sep_conv_5x5""}},{""branch_1"":{""input_state"":0,""op"":""max_pool_3x3""},""branch_2"":{""input_state"":1,""op"":""sep_conv_7x7""}},{""branch_1"":{""input_state"":0,""op"":""sep_conv_7x7""},""branch_2"":{""input_state"":4,""op"":""sep_conv_3x3""}},{""branch_1"":{""input_state"":2,""op"":""sep_conv_5x5""},""branch_2"":{""input_state"":5,""op"":""avg_pool_3x3""}}]}}",hidden_state,0.4825035631656647,False,23,0.00010388934606453404
SA-RE,2710,24,10,"{""normal"":{""pairs"":[{""branch_1"":{""input_state"":1,""op"":""sep_conv_3x3""},""branch_2"":{""input_state"":0,""op"":""avg_pool_3x3""}},{""branch_1"":{""input_state"":1,""op"":""sep_conv_5x5""},""branch_2"":{""input_state"":1,""op"":""identity""}},{""branch_1"":{""input_state"":2,""op"":""sep_conv_7x7""},""branch_2"":{""input_state"":0,""op"":""sep_conv_5x5""}},{""branch_1"":{""input_state"":2,""op"":""avg_pool_3x3""},""branch_2"":{""input_state"":1,""op"":""max_pool_3x3""}},{""branch_1"":{""input_state"":4,""op"":""dil_sep_conv_3x3""},""branch_2"":{""input_state"":2,""op"":""sep_conv_3x3""}}]},""reduction"":{""pairs"":[{""branch_1"":{""input_state"":1,""op"":""identity""},""branch_2"":{""input_state"":1,""op"":""sep_conv_5x5""}},{""branch_1"":{""input_state"":1,""op"":""sep_conv_3x3""},""branch_2"":{""input_state"":1,""op"":""sep_conv_5x5""}},{""branch_1"":{""input_state"":0,""op"":""max_pool_3x3""},""branch_2"":{""input_state"":1,""op"":""sep_conv_7x7""}},{""branch_1"":{""input_state"":0,""op"":""sep_conv_7x7""},""branch_2"":{""input_state"":4,""op"":""sep_conv_3x3""}},{""branch_1"":{""input_state"":2,""op"":""sep_conv_5x5""},""branch_2"":{""input_state"":5,""op"":""avg_pool_3x3""}}]}}",1,"{""normal"":{""pairs"":[{""branch_1"":{""input_state"":1,""op"":""sep_conv_3x3""},""branch_2"":{""input_state"":0,""op"":""conv_1x7_7x1""}},{""branch_1"":{""input_state"":1,""op"":""sep_conv_5x5""},""branch_2"":{""input_state"":1,""op"":""identity""}},{""branch_1"":{""input_state"":2,""op"":""sep_conv_7x7""},""branch_2"":{""input_state"":0,""op"":""sep_conv_5x5""}},{""branch_1"":{""input_state"":2,""op"":""avg_pool_3x3""},""branch_2"":{""input_state"":1,""op"":""max_pool_3x3""}},{""branch_1"":{""input_state"":4,""op"":""dil_sep_conv_3x3""},""branch_2"":{""input_state"":2,""op"":""sep_conv_3x3""}}]},""reduction"":{""pairs"":[{""branch_1"":{""input_state"":1,""op"":""identity""},""branch_2"":{""input_state"":1,""op"":""sep_conv_5x5""}},{""branch_1"":{""input_state"":1,""op"":""sep_conv_3x3""},""branch_2"":{""input_state"":1,""op"":""sep_conv_5x5""}},{""branch_1"":{""input_state"":0,""op"":""max_pool_3x3""},""branch_2"":{""input_state"":1,""op"":""sep_conv_7x7""}},{""branch_1"":{""input_state"":0,""op"":""sep_conv_7x7""},""branch_2"":{""input_state"":4,""op"":""sep_conv_3x3""}},{""branch_1"":{""input_state"":2,""op"":""sep_conv_5x5""},""branch_2"":{""input_state"":5,""op"":""avg_pool_3x3""}}]}}",operation,0.47047069668769836,False,23,0.00010388934606453404
SA-RE,2710,24,10,"{""normal"":{""pairs"":[{""branch_1"":{""input_state"":1,""op"":""sep_conv_3x3""},""branch_2"":{""input_state"":0,""op"":""avg_pool_3x3""}},{""branch_1"":{""input_state"":1,""op"":""sep_conv_5x5""},""branch_2"":{""input_state"":1,""op"":""identity""}},{""branch_1"":{""input_state"":2,""op"":""sep_conv_7x7""},""branch_2"":{""input_state"":0,""op"":""sep_conv_5x5""}},{""branch_1"":{""input_state"":2,""op"":""avg_pool_3x3""},""branch_2"":{""input_state"":1,""op"":""max_pool_3x3""}},{""branch_1"":{""input_state"":4,""op"":""dil_sep_conv_3x3""},""branch_2"":{""input_state"":2,""op"":""sep_conv_3x3""}}]},""reduction"":{""pairs"":[{""branch_1"":{""input_state"":1,""op"":""identity""},""branch_2"":{""input_state"":1,""op"":""sep_conv_5x5""}},{""branch_1"":{""input_state"":1,""op"":""sep_conv_3x3""},""branch_2"":{""input_state"":1,""op"":""sep_conv_5x5""}},{""branch_1"":{""input_state"":0,""op"":""max_pool_3x3""},""branch_2"":{""input_state"":1,""op"":""sep_conv_7x7""}},{""branch_1"":{""input_state"":0,""op"":""sep_conv_7x7""},""branch_2"":{""input_state"":4,""op"":""sep_conv_3x3""}},{""branch_1"":{""input_state"":2,""op"":""sep_conv_5x5""},""branch_2"":{""input_state"":5,""op"":""avg_pool_3x3""}}]}}",2,"{""normal"":{""pairs"":[{""branch_1"":{""input_state"":1,""op"":""sep_conv_3x3""},""branch_2"":{""input_state"":0,""op"":""avg_pool_3x3""}},{""branch_1"":{""input_state"":1,""op"":""sep_conv_5x5""},""branch_2"":{""input_state"":1,""op"":""identity""}},{""branch_1"":{""input_state"":2,""op"":""sep_conv_7x7""},""branch_2"":{""input_state"":0,""op"":""sep_conv_5x5""}},{""branch_1"":{""input_state"":2,""op"":""avg_pool_3x3""},""branch_2"":{""input_state"":1,""op"":""sep_conv_3x3""}},{""branch_1"":{""input_state"":4,""op"":""dil_sep_conv_3x3""},""branch_2"":{""input_state"":2,""op"":""sep_conv_3x3""}}]},""reduction"":{""pairs"":[{""branch_1"":{""input_state"":1,""op"":""identity""},""branch_2"":{""input_state"":1,""op"":""sep_conv_5x5""}},{""branch_1"":{""input_state"":1,""op"":""sep_conv_3x3""},""branch_2"":{""input_state"":1,""op"":""sep_conv_5x5""}},{""branch_1"":{""input_state"":0,""op"":""max_pool_3x3""},""branch_2"":{""input_state"":1,""op"":""sep_conv_7x7""}},{""branch_1"":{""input_state"":0,""op"":""sep_conv_7x7""},""branch_2"":{""input_state"":4,""op"":""sep_conv_3x3""}},{""branch_1"":{""input_state"":2,""op"":""sep_conv_5x5""},""branch_2"":{""input_state"":5,""op"":""avg_pool_3x3""}}]}}",operation,0.5078756809234619,True,23,0.00010388934606453404
SA-RE,2710,24,10,"{""normal"":{""pairs"":[{""branch_1"":{""input_state"":1,""op"":""sep_conv_3x3""},""branch_2"":{""input_state"":0,""op"":""avg_pool_3x3""}},{""branch_1"":{""input_state"":1,""op"":""sep_conv_5x5""},""branch_2"":{""input_state"":1,""op"":""identity""}},{""branch_1"":{""input_state"":2,""op"":""sep_conv_7x7""},""branch_2"":{""input_state"":0,""op"":""sep_conv_5x5""}},{""branch_1"":{""input_state"":2,""op"":""avg_pool_3x3""},""branch_2"":{""input_state"":1,""op"":""max_pool_3x3""}},{""branch_1"":{""input_state"":4,""op"":""dil_sep_conv_3x3""},""branch_2"":{""input_state"":2,""op"":""sep_conv_3x3""}}]},""reduction"":{""pairs"":[{""branch_1"":{""input_state"":1,""op"":""identity""},""branch_2"":{""input_state"":1,""op"":""sep_conv_5x5""}},{""branch_1"":{""input_state"":1,""op"":""sep_conv_3x3""},""branch_2"":{""input_state"":1,""op"":""sep_conv_5x5""}},{""branch_1"":{""input_state"":0,""op"":""max_pool_3x3""},""branch_2"":{""input_state"":1,""op"":""sep_conv_7x7""}},{""branch_1"":{""input_state"":0,""op"":""sep_conv_7x7""},""branch_2"":{""input_state"":4,""op"":""sep_conv_3x3""}},{""branch_1"":{""input_state"":2,""op"":""sep_conv_5x5""},""branch_2"":{""input_state"":5,""op"":""avg_pool_3x3""}}]}}",3,"{""normal"":{""pairs"":[{""branch_1"":{""input_state"":1,""op"":""sep_conv_3x3""},""branch_2"":{""input_state"":0,""op"":""avg_pool_3x3""}},{""branch_1"":{""input_state"":1,""op"":""sep_conv_5x5""},""branch_2"":{""input_state"":1,""op"":""identity""}},{""branch_1"":{""input_state"":2,""op"":""sep_conv_7x7""},""branch_2"":{""input_state"":0,""op"":""sep_conv_5x5""}},{""branch_1"":{""input_state"":2,""op"":""avg_pool_3x3""},""branch_2"":{""input_state"":1,""op"":""max_pool_3x3""}},{""branch_1"":{""input_state"":4,""op"":""dil_sep_conv_3x3""},""branch_2"":{""input_state"":2,""op"":""sep_conv_3x3""}}]},""reduction"":{""pairs"":[{""branch_1"":{""input_state"":1,""op"":""identity""},""branch_2"":{""input_state"":1,""op"":""sep_conv_5x5""}},{""branch_1"":{""input_state"":1,""op"":""sep_conv_3x3""},""branch_2"":{""input_state"":1,""op"":""sep_conv_5x5""}},{""branch_1"":{""input_state"":0,""op"":""max_pool_3x3""},""branch_2"":{""input_state"":1,""op"":""sep_conv_7x7""}},{""branch_1"":{""input_state"":0,""op"":""sep_conv_7x7""},""branch_2"":{""input_state"":4,""op"":""sep_conv_3x3""}},{""branch_1"":{""input_state"":2,""op"":""sep_conv_5x5""},""branch_2"":{""input_state"":5,""op"":""avg_pool_3x3""}}]}}",identity,0.4920441210269928,False,23,0.00010388934606453404
SA-RE,2710,24,10,"{""normal"":{""pairs"":[{""branch_1"":{""input_state"":1,""op"":""sep_conv_3x3""},""branch_2"":{""input_state"":0,""op"":""avg_pool_3x3""}},{""branch_1"":{""input_state"":1,""op"":""sep_conv_5x5""},""branch_2"":{""input_state"":1,""op"":""identity""}},{""branch_1"":{""input_state"":2,""op"":""sep_conv_7x7""},""branch_2"":{""input_state"":0,""op"":""sep_conv_5x5""}},{""branch_1"":{""input_state"":2,""op"":""avg_pool_3x3""},""branch_2"":{""input_state"":1,""op"":""max_pool_3x3""}},{""branch_1"":{""input_state"":4,""op"":""dil_sep_conv_3x3""},""branch_2"":{""input_state"":2,""op"":""sep_conv_3x3""}}]},""reduction"":{""pairs"":[{""branch_1"":{""input_state"":1,""op"":""identity""},""branch_2"":{""input_state"":1,""op"":""sep_conv_5x5""}},{""branch_1"":{""input_state"":1,""op"":""sep_conv_3x3""},""branch_2"":{""input_state"":1,""op"":""sep_conv_5x5""}},{""branch_1"":{""input_state"":0,""op"":""max_pool_3x3""},""branch_2"":{""input_state"":1,""op"":""sep_conv_7x7""}},{""branch_1"":{""input_state"":0,""op"":""sep_conv_7x7""},""branch_2"":{""input_state"":4,""op"":""sep_conv_3x3""}},{""branch_1"":{""input_state"":2,""op"":""sep_conv_5x5""},""branch_2"":{""input_state"":5,""op"":""avg_pool_3x3""}}]}}",4,"{""normal"":{""pairs"":[{""branch_1"":{""input_state"":1,""op"":""sep_conv_3x3""},""branch_2"":{""input_state"":1,""op"":""avg_pool_3x3""}},{""branch_1"":{""input_state"":1,""op"":""sep_conv_5x5""},""branch_2"":{""input_state"":1,""op"":""identity""}},{""branch_1"":{""input_state"":2,""op"":""sep_conv_7x7""},""branch_2"":{""input_state"":0,""op"":""sep_conv_5x5""}},{""branch_1"":{""input_state"":2,""op"":""avg_pool_3x3""},""branch_2"":{""input_state"":1,""op"":""max_pool_3x3""}},{""branch_1"":{""input_state"":4,""op"":""dil_sep_conv_3x3""},""branch_2"":{""input_state"":2,""op"":""sep_conv_3x3""}}]},""reduction"":{""pairs"":[{""branch_1"":{""input_state"":1,""op"":""identity""},""branch_2"":{""input_state"":1,""op"":""sep_conv_5x5""}},{""branch_1"":{""input_state"":1,""op"":""sep_conv_3x3""},""branch_2"":{""input_state"":1,""op"":""sep_conv_5x5""}},{""branch_1"":{""input_state"":0,""op"":""max_pool_3x3""},""branch_2"":{""input_state"":1,""op"":""sep_conv_7x7""}},{""branch_1"":{""input_state"":0,""op"":""sep_conv_7x7""},""branch_2"":{""input_state"":4,""op"":""sep_conv_3x3""}},{""branch_1"":{""input_state"":2,""op"":""sep_conv_5x5""},""branch_2"":{""input_state"":5,""op"":""avg_pool_3x3""}}]}}",hidden_state,0.4775818884372711,False,23,0.00010388934606453404
