method,search_seed,training_seed,evaluation_index,budget,phase,architecture,parent_architecture,mutation_type,fitness,final_val_accuracy,observed_final_val_accuracy,best_val_accuracy,parameter_count,training_time,population_age_order,predicted_mu_before_training,surrogate_training_size,selected_candidate_index,surrogate_training_mse
SA-RE,2710,20260827,1,24,initialization,"{""normal"":{""pairs"":[{""branch_1"":{""input_state"":0,""op"":""conv_1x7_7x1""},""branch_2"":{""input_state"":1,""op"":""avg_pool_3x3""}},{""branch_1"":{""input_state"":2,""op"":""conv_1x7_7x1""},""branch_2"":{""input_state"":2,""op"":""max_pool_3x3""}},{""branch_1"":{""input_state"":0,""op"":""dil_sep_conv_3x3""},""branch_2"":{""input_state"":3,""op"":""max_pool_3x3""}},{""branch_1"":{""input_state"":1,""op"":""sep_conv_7x7""},""branch_2"":{""input_state"":3,""op"":""sep_conv_7x7""}},{""branch_1"":{""input_state"":2,""op"":""max_pool_3x3""},""branch_2"":{""input_state"":3,""op"":""avg_pool_3x3""}}]},""reduction"":{""pairs"":[{""branch_1"":{""input_state"":0,""op"":""max_pool_3x3""},""branch_2"":{""input_state"":0,""op"":""sep_conv_7x7""}},{""branch_1"":{""input_state"":2,""op"":""conv_1x7_7x1""},""branch_2"":{""input_state"":1,""op"":""sep_conv_5x5""}},{""branch_1"":{""input_state"":3,""op"":""avg_pool_3x3""},""branch_2"":{""input_state"":3,""op"":""avg_pool_3x3""}},{""branch_1"":{""input_state"":1,""op"":""dil_sep_conv_3x3""},""branch_2"":{""input_state"":0,""op"":""conv_1x7_7x1""}},{""branch_1"":{""input_state"":3,""op"":""sep_conv_3x3""},""branch_2"":{""input_state"":0,""op"":""avg_pool_3x3""}}]}}",,random_initialization,0.4682,0.4682,0.4682,0.4682,831178,45.646267300006,"{""ages_in_evaluations"":[0],""oldest_to_youngest_evaluation_indices"":[1]}",,,,
SA-RE,2710,20260828,2,24,initialization,"{""normal"":{""pairs"":[{""branch_1"":{""input_state"":0,""op"":""dil_sep_conv_3x3""},""branch_2"":{""input_state"":1,""op"":""dil_sep_conv_3x3""}},{""branch_1"":{""input_state"":2,""op"":""sep_conv_3x3""},""branch_2"":{""input_state"":2,""op"":""sep_conv_5x5""}},{""branch_1"":{""input_state"":3,""op"":""max_pool_3x3""},""branch_2"":{""input_state"":2,""op"":""sep_conv_5x5""}},{""branch_1"":{""input_state"":1,""op"":""identity""},""branch_2"":{""input_state"":2,""op"":""sep_conv_7x7""}},{""branch_1"":{""input_state"":4,""op"":""sep_conv_3x3""},""branch_2"":{""input_state"":3,""op"":""sep_conv_5x5""}}]},""reduction"":{""pairs"":[{""branch_1"":{""input_state"":1,""op"":""max_pool_3x3""},""branch_2"":{""input_state"":1,""op"":""conv_1x7_7x1""}},{""branch_1"":{""input_state"":2,""op"":""avg_pool_3x3""},""branch_2"":{""input_state"":0,""op"":""max_pool_3x3""}},{""branch_1"":{""input_state"":2,""op"":""conv_1x7_7x1""},""branch_2"":{""input_state"":3,""op"":""avg_pool_3x3""}},{""branch_1"":{""input_state"":0,""op"":""conv_1x7_7x1""},""branch_2"":{""input_state"":3,""op"":""avg_pool_3x3""}},{""branch_1"":{""input_state"":1,""op"":""conv_1x7_7x1""},""branch_2"":{""input_state"":4,""op"":""avg_pool_3x3""}}]}}",,random_initialization,0.3698,0.3698,0.3698,0.3698,976594,41.94598399999086,"{""ages_in_evaluations"":[1,0],""oldest_to_youngest_evaluation_indices"":[1,2]}",,,,
SA-RE,2710,20260829,3,24,initialization,"{""normal"":{""pairs"":[{""branch_1"":{""input_state"":1,""op"":""sep_conv_5x5""},""branch_2"":{""input_state"":1,""op"":""avg_pool_3x3""}},{""branch_1"":{""input_state"":2,""op"":""sep_conv_3x3""},""branch_2"":{""input_state"":2,""op"":""sep_conv_3x3""}},{""branch_1"":{""input_state"":0,""op"":""sep_conv_7x7""},""branch_2"":{""input_state"":0,""op"":""sep_conv_3x3""}},{""branch_1"":{""input_state"":4,""op"":""dil_sep_conv_3x3""},""branch_2"":{""input_state"":3,""op"":""dil_sep_conv_3x3""}},{""branch_1"":{""input_state"":0,""op"":""dil_sep_conv_3x3""},""branch_2"":{""input_state"":3,""op"":""sep_conv_5x5""}}]},""reduction"":{""pairs"":[{""branch_1"":{""input_state"":1,""op"":""sep_conv_3x3""},""branch_2"":{""input_state"":1,""op"":""conv_1x7_7x1""}},{""branch_1"":{""input_state"":1,""op"":""sep_conv_5x5""},""branch_2"":{""input_state"":1,""op"":""identity""}},{""branch_1"":{""input_state"":1,""op"":""sep_conv_5x5""},""branch_2"":{""input_state"":2,""op"":""dil_sep_conv_3x3""}},{""branch_1"":{""input_state"":1,""op"":""dil_sep_conv_3x3""},""branch_2"":{""input_state"":1,""op"":""sep_conv_7x7""}},{""branch_1"":{""input_state"":3,""op"":""conv_1x7_7x1""},""branch_2"":{""input_state"":0,""op"":""avg_pool_3x3""}}]}}",,random_initialization,0.3676,0.3676,0.3676,0.3676,1224274,43.87338789997739,"{""ages_in_evaluations"":[2,1,0],""oldest_to_youngest_evaluation_indices"":[1,2,3]}",,,,
SA-RE,2710,20260830,4,24,initialization,"{""normal"":{""pairs"":[{""branch_1"":{""input_state"":0,""op"":""max_pool_3x3""},""branch_2"":{""input_state"":1,""op"":""avg_pool_3x3""}},{""branch_1"":{""input_state"":1,""op"":""avg_pool_3x3""},""branch_2"":{""input_state"":0,""op"":""sep_conv_5x5""}},{""branch_1"":{""input_state"":0,""op"":""sep_conv_7x7""},""branch_2"":{""input_state"":0,""op"":""conv_1x7_7x1""}},{""branch_1"":{""input_state"":3,""op"":""sep_conv_7x7""},""branch_2"":{""input_state"":0,""op"":""sep_conv_3x3""}},{""branch_1"":{""input_state"":5,""op"":""avg_pool_3x3""},""branch_2"":{""input_state"":2,""op"":""sep_conv_5x5""}}]},""reduction"":{""pairs"":[{""branch_1"":{""input_state"":0,""op"":""avg_pool_3x3""},""branch_2"":{""input_state"":0,""op"":""sep_conv_5x5""}},{""branch_1"":{""input_state"":0,""op"":""sep_conv_3x3""},""branch_2"":{""input_state"":2,""op"":""avg_pool_3x3""}},{""branch_1"":{""input_state"":1,""op"":""sep_conv_5x5""},""branch_2"":{""input_state"":3,""op"":""sep_conv_3x3""}},{""branch_1"":{""input_state"":2,""op"":""dil_sep_conv_3x3""},""branch_2"":{""input_state"":4,""op"":""dil_sep_conv_3x3""}},{""branch_1"":{""input_state"":1,""op"":""avg_pool_3x3""},""branch_2"":{""input_state"":5,""op"":""sep_conv_3x3""}}]}}",,random_initialization,0.453,0.453,0.453,0.453,893902,42.13461019998067,"{""ages_in_evaluations"":[3,2,1,0],""oldest_to_youngest_evaluation_indices"":[1,2,3,4]}",,,,
SA-RE,2710,20260831,5,24,initialization,"{""normal"":{""pairs"":[{""branch_1"":{""input_state"":0,""op"":""sep_conv_3x3""},""branch_2"":{""input_state"":1,""op"":""sep_conv_7x7""}},{""branch_1"":{""input_state"":1,""op"":""identity""},""branch_2"":{""input_state"":0,""op"":""avg_pool_3x3""}},{""branch_1"":{""input_state"":3,""op"":""max_pool_3x3""},""branch_2"":{""input_state"":0,""op"":""conv_1x7_7x1""}},{""branch_1"":{""input_state"":4,""op"":""conv_1x7_7x1""},""branch_2"":{""input_state"":1,""op"":""conv_1x7_7x1""}},{""branch_1"":{""input_state"":4,""op"":""sep_conv_3x3""},""branch_2"":{""input_state"":4,""op"":""sep_conv_5x5""}}]},""reduction"":{""pairs"":[{""branch_1"":{""input_state"":1,""op"":""identity""},""branch_2"":{""input_state"":0,""op"":""sep_conv_3x3""}},{""branch_1"":{""input_state"":0,""op"":""sep_conv_7x7""},""branch_2"":{""input_state"":0,""op"":""dil_sep_conv_3x3""}},{""branch_1"":{""input_state"":0,""op"":""dil_sep_conv_3x3""},""branch_2"":{""input_state"":2,""op"":""identity""}},{""branch_1"":{""input_state"":3,""op"":""dil_sep_conv_3x3""},""branch_2"":{""input_state"":3,""op"":""identity""}},{""branch_1"":{""input_state"":1,""op"":""avg_pool_3x3""},""branch_2"":{""input_state"":3,""op"":""conv_1x7_7x1""}}]}}",,random_initialization,0.4162,0.4162,0.4162,0.4162,959374,42.9382648000028,"{""ages_in_evaluations"":[4,3,2,1,0],""oldest_to_youngest_evaluation_indices"":[1,2,3,4,5]}",,,,
SA-RE,2710,20260832,6,24,initialization,"{""normal"":{""pairs"":[{""branch_1"":{""input_state"":1,""op"":""identity""},""branch_2"":{""input_state"":0,""op"":""identity""}},{""branch_1"":{""input_state"":2,""op"":""identity""},""branch_2"":{""input_state"":0,""op"":""conv_1x7_7x1""}},{""branch_1"":{""input_state"":0,""op"":""identity""},""branch_2"":{""input_state"":1,""op"":""max_pool_3x3""}},{""branch_1"":{""input_state"":2,""op"":""conv_1x7_7x1""},""branch_2"":{""input_state"":0,""op"":""dil_sep_conv_3x3""}},{""branch_1"":{""input_state"":1,""op"":""max_pool_3x3""},""branch_2"":{""input_state"":4,""op"":""sep_conv_5x5""}}]},""reduction"":{""pairs"":[{""branch_1"":{""input_state"":1,""op"":""dil_sep_conv_3x3""},""branch_2"":{""input_state"":1,""op"":""dil_sep_conv_3x3""}},{""branch_1"":{""input_state"":1,""op"":""avg_pool_3x3""},""branch_2"":{""input_state"":2,""op"":""sep_conv_5x5""}},{""branch_1"":{""input_state"":3,""op"":""sep_conv_5x5""},""branch_2"":{""input_state"":2,""op"":""sep_conv_5x5""}},{""branch_1"":{""input_state"":3,""op"":""dil_sep_conv_3x3""},""branch_2"":{""input_state"":1,""op"":""identity""}},{""branch_1"":{""input_state"":2,""op"":""identity""},""branch_2"":{""input_state"":5,""op"":""sep_conv_5x5""}}]}}",,random_initialization,0.5098,0.5098,0.5098,0.5098,754858,33.99504479998723,"{""ages_in_evaluations"":[5,4,3,2,1,0],""oldest_to_youngest_evaluation_indices"":[1,2,3,4,5,6]}",,,,
SA-RE,2710,20260833,7,24,initialization,"{""normal"":{""pairs"":[{""branch_1"":{""input_state"":0,""op"":""identity""},""branch_2"":{""input_state"":1,""op"":""sep_conv_3x3""}},{""branch_1"":{""input_state"":2,""op"":""identity""},""branch_2"":{""input_state"":2,""op"":""sep_conv_5x5""}},{""branch_1"":{""input_state"":0,""op"":""conv_1x7_7x1""},""branch_2"":{""input_state"":2,""op"":""dil_sep_conv_3x3""}},{""branch_1"":{""input_state"":3,""op"":""dil_sep_conv_3x3""},""branch_2"":{""input_state"":3,""op"":""conv_1x7_7x1""}},{""branch_1"":{""input_state"":1,""op"":""max_pool_3x3""},""branch_2"":{""input_state"":2,""op"":""avg_pool_3x3""}}]},""reduction"":{""pairs"":[{""branch_1"":{""input_state"":0,""op"":""conv_1x7_7x1""},""branch_2"":{""input_state"":0,""op"":""dil_sep_conv_3x3""}},{""branch_1"":{""input_state"":1,""op"":""avg_pool_3x3""},""branch_2"":{""input_state"":0,""op"":""max_pool_3x3""}},{""branch_1"":{""input_state"":3,""op"":""sep_conv_7x7""},""branch_2"":{""input_state"":3,""op"":""sep_conv_7x7""}},{""branch_1"":{""input_state"":4,""op"":""max_pool_3x3""},""branch_2"":{""input_state"":2,""op"":""identity""}},{""branch_1"":{""input_state"":4,""op"":""max_pool_3x3""},""branch_2"":{""input_state"":1,""op"":""identity""}}]}}",,random_initialization,0.4108,0.4108,0.4108,0.4108,803458,37.284039599995594,"{""ages_in_evaluations"":[6,5,4,3,2,1,0],""oldest_to_youngest_evaluation_indices"":[1,2,3,4,5,6,7]}",,,,
SA-RE,2710,20260834,8,24,initialization,"{""normal"":{""pairs"":[{""branch_1"":{""input_state"":1,""op"":""dil_sep_conv_3x3""},""branch_2"":{""input_state"":1,""op"":""max_pool_3x3""}},{""branch_1"":{""input_state"":0,""op"":""sep_conv_5x5""},""branch_2"":{""input_state"":2,""op"":""max_pool_3x3""}},{""branch_1"":{""input_state"":0,""op"":""dil_sep_conv_3x3""},""branch_2"":{""input_state"":1,""op"":""dil_sep_conv_3x3""}},{""branch_1"":{""input_state"":3,""op"":""sep_conv_5x5""},""branch_2"":{""input_state"":1,""op"":""conv_1x7_7x1""}},{""branch_1"":{""input_state"":2,""op"":""sep_conv_7x7""},""branch_2"":{""input_state"":2,""op"":""identity""}}]},""reduction"":{""pairs"":[{""branch_1"":{""input_state"":1,""op"":""sep_conv_5x5""},""branch_2"":{""input_state"":1,""op"":""identity""}},{""branch_1"":{""input_state"":1,""op"":""sep_conv_3x3""},""branch_2"":{""input_state"":1,""op"":""conv_1x7_7x1""}},{""branch_1"":{""input_state"":0,""op"":""sep_conv_7x7""},""branch_2"":{""input_state"":1,""op"":""max_pool_3x3""}},{""branch_1"":{""input_state"":0,""op"":""sep_conv_5x5""},""branch_2"":{""input_state"":3,""op"":""dil_sep_conv_3x3""}},{""branch_1"":{""input_state"":0,""op"":""dil_sep_conv_3x3""},""branch_2"":{""input_state"":3,""op"":""sep_conv_3x3""}}]}}",,random_initialization,0.4408,0.4408,0.4408,0.4408,1124182,41.37046390000614,"{""ages_in_evaluations"":[7,6,5,4,3,2,1,0],""oldest_to_youngest_evaluation_indices"":[1,2,3,4,5,6,7,8]}",,,,
SA-RE,2710,20260835,9,24,initialization,"{""normal"":{""pairs"":[{""branch_1"":{""input_state"":1,""op"":""conv_1x7_7x1""},""branch_2"":{""input_state"":1,""op"":""sep_conv_5x5""}},{""branch_1"":{""input_state"":2,""op"":""sep_conv_5x5""},""branch_2"":{""input_state"":0,""op"":""sep_conv_7x7""}},{""branch_1"":{""input_state"":2,""op"":""conv_1x7_7x1""},""branch_2"":{""input_state"":3,""op"":""max_pool_3x3""}},{""branch_1"":{""input_state"":3,""op"":""sep_conv_3x3""},""branch_2"":{""input_state"":4,""op"":""sep_conv_5x5""}},{""branch_1"":{""input_state"":3,""op"":""dil_sep_conv_3x3""},""branch_2"":{""input_state"":1,""op"":""dil_sep_conv_3x3""}}]},""reduction"":{""pairs"":[{""branch_1"":{""input_state"":0,""op"":""dil_sep_conv_3x3""},""branch_2"":{""input_state"":0,""op"":""conv_1x7_7x1""}},{""branch_1"":{""input_state"":1,""op"":""identity""},""branch_2"":{""input_state"":0,""op"":""sep_conv_7x7""}},{""branch_1"":{""input_state"":1,""op"":""sep_conv_5x5""},""branch_2"":{""input_state"":1,""op"":""conv_1x7_7x1""}},{""branch_1"":{""input_state"":1,""op"":""avg_pool_3x3""},""branch_2"":{""input_state"":1,""op"":""sep_conv_7x7""}},{""branch_1"":{""input_state"":5,""op"":""avg_pool_3x3""},""branch_2"":{""input_state"":5,""op"":""conv_1x7_7x1""}}]}}",,random_initialization,0.325,0.325,0.325,0.325,1170274,47.636018899997,"{""ages_in_evaluations"":[8,7,6,5,4,3,2,1,0],""oldest_to_youngest_evaluation_indices"":[1,2,3,4,5,6,7,8,9]}",,,,
SA-RE,2710,20260836,10,24,initialization,"{""normal"":{""pairs"":[{""branch_1"":{""input_state"":1,""op"":""sep_conv_3x3""},""branch_2"":{""input_state"":0,""op"":""avg_pool_3x3""}},{""branch_1"":{""input_state"":1,""op"":""sep_conv_5x5""},""branch_2"":{""input_state"":1,""op"":""identity""}},{""branch_1"":{""input_state"":2,""op"":""sep_conv_7x7""},""branch_2"":{""input_state"":0,""op"":""sep_conv_5x5""}},{""branch_1"":{""input_state"":2,""op"":""avg_pool_3x3""},""branch_2"":{""input_state"":1,""op"":""max_pool_3x3""}},{""branch_1"":{""input_state"":4,""op"":""dil_sep_conv_3x3""},""branch_2"":{""input_state"":2,""op"":""sep_conv_3x3""}}]},""reduction"":{""pairs"":[{""branch_1"":{""input_state"":1,""op"":""identity""},""branch_2"":{""input_state"":1,""op"":""sep_conv_5x5""}},{""branch_1"":{""input_state"":1,""op"":""sep_conv_3x3""},""branch_2"":{""input_state"":1,""op"":""sep_conv_5x5""}},{""branch_1"":{""input_state"":0,""op"":""max_pool_3x3""},""branch_2"":{""input_state"":1,""op"":""sep_conv_7x7""}},{""branch_1"":{""input_state"":0,""op"":""sep_conv_7x7""},""branch_2"":{""input_state"":4,""op"":""sep_conv_3x3""}},{""branch_1"":{""input_state"":2,""op"":""sep_conv_5x5""},""branch_2"":{""input_state"":5,""op"":""avg_pool_3x3""}}]}}",,random_initialization,0.4922,0.4922,0.4922,0.4922,1026226,37.97118010002305,"{""ages_in_evaluations"":[9,8,7,6,5,4,3,2,1,0],""oldest_to_youngest_evaluation_indices"":[1,2,3,4,5,6,7,8,9,10]}",,,,
SA-RE,2710,20260837,11,24,initialization,"{""normal"":{""pairs"":[{""branch_1"":{""input_state"":1,""op"":""sep_conv_7x7""},""branch_2"":{""input_state"":0,""op"":""dil_sep_conv_3x3""}},{""branch_1"":{""input_state"":1,""op"":""dil_sep_conv_3x3""},""branch_2"":{""input_state"":1,""op"":""sep_conv_7x7""}},{""branch_1"":{""input_state"":2,""op"":""avg_pool_3x3""},""branch_2"":{""input_state"":1,""op"":""avg_pool_3x3""}},{""branch_1"":{""input_state"":1,""op"":""dil_sep_conv_3x3""},""branch_2"":{""input_state"":4,""op"":""sep_conv_5x5""}},{""branch_1"":{""input_state"":0,""op"":""sep_conv_3x3""},""branch_2"":{""input_state"":2,""op"":""identity""}}]},""reduction"":{""pairs"":[{""branch_1"":{""input_state"":0,""op"":""max_pool_3x3""},""branch_2"":{""input_state"":1,""op"":""sep_conv_3x3""}},{""branch_1"":{""input_state"":2,""op"":""avg_pool_3x3""},""branch_2"":{""input_state"":1,""op"":""avg_pool_3x3""}},{""branch_1"":{""input_state"":2,""op"":""conv_1x7_7x1""},""branch_2"":{""input_state"":3,""op"":""dil_sep_conv_3x3""}},{""branch_1"":{""input_state"":3,""op"":""sep_conv_3x3""},""branch_2"":{""input_state"":1,""op"":""conv_1x7_7x1""}},{""branch_1"":{""input_state"":0,""op"":""identity""},""branch_2"":{""input_state"":4,""op"":""sep_conv_7x7""}}]}}",,random_initialization,0.4496,0.4496,0.4496,0.4496,1062802,40.11771300001419,"{""ages_in_evaluations"":[10,9,8,7,6,5,4,3,2,1,0],""oldest_to_youngest_evaluation_indices"":[1,2,3,4,5,6,7,8,9,10,11]}",,,,
SA-RE,2710,20260838,12,24,initialization,"{""normal"":{""pairs"":[{""branch_1"":{""input_state"":0,""op"":""dil_sep_conv_3x3""},""branch_2"":{""input_state"":0,""op"":""sep_conv_7x7""}},{""branch_1"":{""input_state"":1,""op"":""sep_conv_7x7""},""branch_2"":{""input_state"":0,""op"":""sep_conv_7x7""}},{""branch_1"":{""input_state"":0,""op"":""max_pool_3x3""},""branch_2"":{""input_state"":1,""op"":""sep_conv_7x7""}},{""branch_1"":{""input_state"":4,""op"":""sep_conv_3x3""},""branch_2"":{""input_state"":4,""op"":""sep_conv_7x7""}},{""branch_1"":{""input_state"":1,""op"":""avg_pool_3x3""},""branch_2"":{""input_state"":1,""op"":""sep_conv_3x3""}}]},""reduction"":{""pairs"":[{""branch_1"":{""input_state"":0,""op"":""sep_conv_7x7""},""branch_2"":{""input_state"":1,""op"":""sep_conv_3x3""}},{""branch_1"":{""input_state"":2,""op"":""sep_conv_5x5""},""branch_2"":{""input_state"":2,""op"":""conv_1x7_7x1""}},{""branch_1"":{""input_state"":2,""op"":""sep_conv_5x5""},""branch_2"":{""input_state"":1,""op"":""avg_pool_3x3""}},{""branch_1"":{""input_state"":4,""op"":""max_pool_3x3""},""branch_2"":{""input_state"":2,""op"":""avg_pool_3x3""}},{""branch_1"":{""input_state"":4,""op"":""identity""},""branch_2"":{""input_state"":1,""op"":""identity""}}]}}",,random_initialization,0.4534,0.4534,0.4534,0.4534,1321738,47.04598910000641,"{""ages_in_evaluations"":[11,10,9,8,7,6,5,4,3,2,1,0],""oldest_to_youngest_evaluation_indices"":[1,2,3,4,5,6,7,8,9,10,11,12]}",,,,
SA-RE,2710,20260839,13,24,initialization,"{""normal"":{""pairs"":[{""branch_1"":{""input_state"":0,""op"":""avg_pool_3x3""},""branch_2"":{""input_state"":1,""op"":""sep_conv_7x7""}},{""branch_1"":{""input_state"":2,""op"":""identity""},""branch_2"":{""input_state"":0,""op"":""identity""}},{""branch_1"":{""input_state"":2,""op"":""sep_conv_5x5""},""branch_2"":{""input_state"":0,""op"":""sep_conv_5x5""}},{""branch_1"":{""input_state"":2,""op"":""conv_1x7_7x1""},""branch_2"":{""input_state"":4,""op"":""identity""}},{""branch_1"":{""input_state"":4,""op"":""avg_pool_3x3""},""branch_2"":{""input_state"":4,""op"":""identity""}}]},""reduction"":{""pairs"":[{""branch_1"":{""input_state"":0,""op"":""identity""},""branch_2"":{""input_state"":0,""op"":""sep_conv_5x5""}},{""branch_1"":{""input_state"":0,""op"":""dil_sep_conv_3x3""},""branch_2"":{""input_state"":0,""op"":""identity""}},{""branch_1"":{""input_state"":0,""op"":""dil_sep_conv_3x3""},""branch_2"":{""input_state"":2,""op"":""sep_conv_3x3""}},{""branch_1"":{""input_state"":3,""op"":""identity""},""branch_2"":{""input_state"":2,""op"":""dil_sep_conv_3x3""}},{""branch_1"":{""input_state"":3,""op"":""conv_1x7_7x1""},""branch_2"":{""input_state"":4,""op"":""sep_conv_7x7""}}]}}",,random_initialization,0.4872,0.4872,0.4872,0.4872,842950,34.90460039998288,"{""ages_in_evaluations"":[12,11,10,9,8,7,6,5,4,3,2,1,0],""oldest_to_youngest_evaluation_indices"":[1,2,3,4,5,6,7,8,9,10,11,12,13]}",,,,
SA-RE,2710,20260840,14,24,initialization,"{""normal"":{""pairs"":[{""branch_1"":{""input_state"":0,""op"":""dil_sep_conv_3x3""},""branch_2"":{""input_state"":1,""op"":""dil_sep_conv_3x3""}},{""branch_1"":{""input_state"":0,""op"":""sep_conv_7x7""},""branch_2"":{""input_state"":2,""op"":""sep_conv_7x7""}},{""branch_1"":{""input_state"":2,""op"":""dil_sep_conv_3x3""},""branch_2"":{""input_state"":1,""op"":""conv_1x7_7x1""}},{""branch_1"":{""input_state"":3,""op"":""avg_pool_3x3""},""branch_2"":{""input_state"":1,""op"":""sep_conv_7x7""}},{""branch_1"":{""input_state"":1,""op"":""identity""},""branch_2"":{""input_state"":4,""op"":""max_pool_3x3""}}]},""reduction"":{""pairs"":[{""branch_1"":{""input_state"":1,""op"":""sep_conv_5x5""},""branch_2"":{""input_state"":1,""op"":""sep_conv_5x5""}},{""branch_1"":{""input_state"":0,""op"":""sep_conv_7x7""},""branch_2"":{""input_state"":1,""op"":""avg_pool_3x3""}},{""branch_1"":{""input_state"":2,""op"":""dil_sep_conv_3x3""},""branch_2"":{""input_state"":3,""op"":""conv_1x7_7x1""}},{""branch_1"":{""input_state"":4,""op"":""sep_conv_5x5""},""branch_2"":{""input_state"":2,""op"":""max_pool_3x3""}},{""branch_1"":{""input_state"":0,""op"":""max_pool_3x3""},""branch_2"":{""input_state"":4,""op"":""max_pool_3x3""}}]}}",,random_initialization,0.434,0.434,0.434,0.434,1000534,42.04324319999432,"{""ages_in_evaluations"":[13,12,11,10,9,8,7,6,5,4,3,2,1,0],""oldest_to_youngest_evaluation_indices"":[1,2,3,4,5,6,7,8,9,10,11,12,13,14]}",,,,
SA-RE,2710,20260841,15,24,initialization,"{""normal"":{""pairs"":[{""branch_1"":{""input_state"":1,""op"":""sep_conv_5x5""},""branch_2"":{""input_state"":1,""op"":""conv_1x7_7x1""}},{""branch_1"":{""input_state"":1,""op"":""sep_conv_5x5""},""branch_2"":{""input_state"":2,""op"":""sep_conv_7x7""}},{""branch_1"":{""input_state"":2,""op"":""sep_conv_5x5""},""branch_2"":{""input_state"":0,""op"":""avg_pool_3x3""}},{""branch_1"":{""input_state"":3,""op"":""identity""},""branch_2"":{""input_state"":2,""op"":""conv_1x7_7x1""}},{""branch_1"":{""input_state"":0,""op"":""dil_sep_conv_3x3""},""branch_2"":{""input_state"":2,""op"":""avg_pool_3x3""}}]},""reduction"":{""pairs"":[{""branch_1"":{""input_state"":0,""op"":""conv_1x7_7x1""},""branch_2"":{""input_state"":0,""op"":""conv_1x7_7x1""}},{""branch_1"":{""input_state"":1,""op"":""sep_conv_7x7""},""branch_2"":{""input_state"":1,""op"":""identity""}},{""branch_1"":{""input_state"":3,""op"":""identity""},""branch_2"":{""input_state"":1,""op"":""sep_conv_5x5""}},{""branch_1"":{""input_state"":0,""op"":""max_pool_3x3""},""branch_2"":{""input_state"":0,""op"":""sep_conv_5x5""}},{""branch_1"":{""input_state"":3,""op"":""sep_conv_7x7""},""branch_2"":{""input_state"":2,""op"":""sep_conv_5x5""}}]}}",,random_initialization,0.3642,0.3642,0.3642,0.3642,1065322,42.95252019999316,"{""ages_in_evaluations"":[14,13,12,11,10,9,8,7,6,5,4,3,2,1,0],""oldest_to_youngest_evaluation_indices"":[1,2,3,4,5,6,7,8,9,10,11,12,13,14,15]}",,,,
SA-RE,2710,20260842,16,24,initialization,"{""normal"":{""pairs"":[{""branch_1"":{""input_state"":0,""op"":""sep_conv_3x3""},""branch_2"":{""input_state"":0,""op"":""dil_sep_conv_3x3""}},{""branch_1"":{""input_state"":0,""op"":""avg_pool_3x3""},""branch_2"":{""input_state"":0,""op"":""avg_pool_3x3""}},{""branch_1"":{""input_state"":0,""op"":""dil_sep_conv_3x3""},""branch_2"":{""input_state"":1,""op"":""dil_sep_conv_3x3""}},{""branch_1"":{""input_state"":4,""op"":""identity""},""branch_2"":{""input_state"":1,""op"":""dil_sep_conv_3x3""}},{""branch_1"":{""input_state"":4,""op"":""dil_sep_conv_3x3""},""branch_2"":{""input_state"":2,""op"":""conv_1x7_7x1""}}]},""reduction"":{""pairs"":[{""branch_1"":{""input_state"":0,""op"":""sep_conv_5x5""},""branch_2"":{""input_state"":1,""op"":""avg_pool_3x3""}},{""branch_1"":{""input_state"":1,""op"":""conv_1x7_7x1""},""branch_2"":{""input_state"":0,""op"":""avg_pool_3x3""}},{""branch_1"":{""input_state"":3,""op"":""dil_sep_conv_3x3""},""branch_2"":{""input_state"":3,""op"":""avg_pool_3x3""}},{""branch_1"":{""input_state"":0,""op"":""max_pool_3x3""},""branch_2"":{""input_state"":4,""op"":""dil_sep_conv_3x3""}},{""branch_1"":{""input_state"":4,""op"":""sep_conv_3x3""},""branch_2"":{""input_state"":0,""op"":""avg_pool_3x3""}}]}}",,random_initialization,0.4698,0.4698,0.4698,0.4698,922006,39.551496800006134,"{""ages_in_evaluations"":[15,14,13,12,11,10,9,8,7,6,5,4,3,2,1,0],""oldest_to_youngest_evaluation_indices"":[1,2,3,4,5,6,7,8,9,10,11,12,13,14,15,16]}",,,,
SA-RE,2710,20260843,17,24,initialization,"{""normal"":{""pairs"":[{""branch_1"":{""input_state"":1,""op"":""sep_conv_3x3""},""branch_2"":{""input_state"":1,""op"":""avg_pool_3x3""}},{""branch_1"":{""input_state"":1,""op"":""sep_conv_3x3""},""branch_2"":{""input_state"":2,""op"":""max_pool_3x3""}},{""branch_1"":{""input_state"":2,""op"":""avg_pool_3x3""},""branch_2"":{""input_state"":1,""op"":""conv_1x7_7x1""}},{""branch_1"":{""input_state"":1,""op"":""sep_conv_7x7""},""branch_2"":{""input_state"":3,""op"":""sep_conv_5x5""}},{""branch_1"":{""input_state"":3,""op"":""sep_conv_3x3""},""branch_2"":{""input_state"":0,""op"":""sep_conv_7x7""}}]},""reduction"":{""pairs"":[{""branch_1"":{""input_state"":0,""op"":""avg_pool_3x3""},""branch_2"":{""input_state"":0,""op"":""sep_conv_7x7""}},{""branch_1"":{""input_state"":1,""op"":""avg_pool_3x3""},""branch_2"":{""input_state"":2,""op"":""identity""}},{""branch_1"":{""input_state"":0,""op"":""conv_1x7_7x1""},""branch_2"":{""input_state"":1,""op"":""sep_conv_7x7""}},{""branch_1"":{""input_state"":1,""op"":""sep_conv_7x7""},""branch_2"":{""input_state"":4,""op"":""sep_conv_7x7""}},{""branch_1"":{""input_state"":5,""op"":""max_pool_3x3""},""branch_2"":{""input_state"":5,""op"":""conv_1x7_7x1""}}]}}",,random_initialization,0.3792,0.3792,0.3792,0.3792,1053550,43.3369098000112,"{""ages_in_evaluations"":[16,15,14,13,12,11,10,9,8,7,6,5,4,3,2,1,0],""oldest_to_youngest_evaluation_indices"":[1,2,3,4,5,6,7,8,9,10,11,12,13,14,15,16,17]}",,,,
SA-RE,2710,20260844,18,24,initialization,"{""normal"":{""pairs"":[{""branch_1"":{""input_state"":0,""op"":""sep_conv_7x7""},""branch_2"":{""input_state"":0,""op"":""max_pool_3x3""}},{""branch_1"":{""input_state"":1,""op"":""conv_1x7_7x1""},""branch_2"":{""input_state"":0,""op"":""sep_conv_3x3""}},{""branch_1"":{""input_state"":1,""op"":""sep_conv_3x3""},""branch_2"":{""input_state"":3,""op"":""sep_conv_3x3""}},{""branch_1"":{""input_state"":0,""op"":""conv_1x7_7x1""},""branch_2"":{""input_state"":3,""op"":""identity""}},{""branch_1"":{""input_state"":0,""op"":""sep_conv_7x7""},""branch_2"":{""input_state"":2,""op"":""dil_sep_conv_3x3""}}]},""reduction"":{""pairs"":[{""branch_1"":{""input_state"":1,""op"":""sep_conv_5x5""},""branch_2"":{""input_state"":1,""op"":""identity""}},{""branch_1"":{""input_state"":1,""op"":""dil_sep_conv_3x3""},""branch_2"":{""input_state"":0,""op"":""avg_pool_3x3""}},{""branch_1"":{""input_state"":3,""op"":""max_pool_3x3""},""branch_2"":{""input_state"":3,""op"":""avg_pool_3x3""}},{""branch_1"":{""input_state"":0,""op"":""conv_1x7_7x1""},""branch_2"":{""input_state"":0,""op"":""max_pool_3x3""}},{""branch_1"":{""input_state"":3,""op"":""avg_pool_3x3""},""branch_2"":{""input_state"":1,""op"":""sep_conv_7x7""}}]}}",,random_initialization,0.4818,0.4818,0.4818,0.4818,1074466,44.752412300003925,"{""ages_in_evaluations"":[17,16,15,14,13,12,11,10,9,8,7,6,5,4,3,2,1,0],""oldest_to_youngest_evaluation_indices"":[1,2,3,4,5,6,7,8,9,10,11,12,13,14,15,16,17,18]}",,,,
SA-RE,2710,20260845,19,24,initialization,"{""normal"":{""pairs"":[{""branch_1"":{""input_state"":1,""op"":""dil_sep_conv_3x3""},""branch_2"":{""input_state"":1,""op"":""max_pool_3x3""}},{""branch_1"":{""input_state"":0,""op"":""identity""},""branch_2"":{""input_state"":2,""op"":""avg_pool_3x3""}},{""branch_1"":{""input_state"":1,""op"":""sep_conv_7x7""},""branch_2"":{""input_state"":2,""op"":""max_pool_3x3""}},{""branch_1"":{""input_state"":2,""op"":""sep_conv_5x5""},""branch_2"":{""input_state"":2,""op"":""sep_conv_3x3""}},{""branch_1"":{""input_state"":1,""op"":""sep_conv_7x7""},""branch_2"":{""input_state"":0,""op"":""sep_conv_7x7""}}]},""reduction"":{""pairs"":[{""branch_1"":{""input_state"":1,""op"":""identity""},""branch_2"":{""input_state"":1,""op"":""max_pool_3x3""}},{""branch_1"":{""input_state"":0,""op"":""max_pool_3x3""},""branch_2"":{""input_state"":1,""op"":""conv_1x7_7x1""}},{""branch_1"":{""input_state"":2,""op"":""sep_conv_7x7""},""branch_2"":{""input_state"":0,""op"":""max_pool_3x3""}},{""branch_1"":{""input_state"":3,""op"":""sep_conv_7x7""},""branch_2"":{""input_state"":3,""op"":""sep_conv_5x5""}},{""branch_1"":{""input_state"":5,""op"":""max_pool_3x3""},""branch_2"":{""input_state"":1,""op"":""sep_conv_7x7""}}]}}",,random_initialization,0.4914,0.4914,0.4914,0.4914,1085290,40.33191199999419,"{""ages_in_evaluations"":[18,17,16,15,14,13,12,11,10,9,8,7,6,5,4,3,2,1,0],""oldest_to_youngest_evaluation_indices"":[1,2,3,4,5,6,7,8,9,10,11,12,13,14,15,16,17,18,19]}",,,,
SA-RE,2710,20260846,20,24,initialization,"{""normal"":{""pairs"":[{""branch_1"":{""input_state"":1,""op"":""sep_conv_5x5""},""branch_2"":{""input_state"":1,""op"":""dil_sep_conv_3x3""}},{""branch_1"":{""input_state"":1,""op"":""sep_conv_7x7""},""branch_2"":{""input_state"":0,""op"":""sep_conv_5x5""}},{""branch_1"":{""input_state"":2,""op"":""max_pool_3x3""},""branch_2"":{""input_state"":0,""op"":""dil_sep_conv_3x3""}},{""branch_1"":{""input_state"":2,""op"":""sep_conv_3x3""},""branch_2"":{""input_state"":3,""op"":""sep_conv_5x5""}},{""branch_1"":{""input_state"":0,""op"":""identity""},""branch_2"":{""input_state"":4,""op"":""max_pool_3x3""}}]},""reduction"":{""pairs"":[{""branch_1"":{""input_state"":1,""op"":""sep_conv_7x7""},""branch_2"":{""input_state"":1,""op"":""conv_1x7_7x1""}},{""branch_1"":{""input_state"":2,""op"":""dil_sep_conv_3x3""},""branch_2"":{""input_state"":0,""op"":""conv_1x7_7x1""}},{""branch_1"":{""input_state"":0,""op"":""max_pool_3x3""},""branch_2"":{""input_state"":3,""op"":""sep_conv_5x5""}},{""branch_1"":{""input_state"":1,""op"":""max_pool_3x3""},""branch_2"":{""input_state"":0,""op"":""sep_conv_7x7""}},{""branch_1"":{""input_state"":0,""op"":""avg_pool_3x3""},""branch_2"":{""input_state"":0,""op"":""sep_conv_7x7""}}]}}",,random_initialization,0.4716,0.4716,0.4716,0.4716,1053490,40.4045824999921,"{""ages_in_evaluations"":[19,18,17,16,15,14,13,12,11,10,9,8,7,6,5,4,3,2,1,0],""oldest_to_youngest_evaluation_indices"":[1,2,3,4,5,6,7,8,9,10,11,12,13,14,15,16,17,18,19,20]}",,,,
SA-RE,2710,20260847,21,24,evolution,"{""normal"":{""pairs"":[{""branch_1"":{""input_state"":1,""op"":""sep_conv_5x5""},""branch_2"":{""input_state"":1,""op"":""dil_sep_conv_3x3""}},{""branch_1"":{""input_state"":1,""op"":""sep_conv_7x7""},""branch_2"":{""input_state"":0,""op"":""sep_conv_5x5""}},{""branch_1"":{""input_state"":2,""op"":""max_pool_3x3""},""branch_2"":{""input_state"":0,""op"":""dil_sep_conv_3x3""}},{""branch_1"":{""input_state"":2,""op"":""sep_conv_3x3""},""branch_2"":{""input_state"":3,""op"":""sep_conv_5x5""}},{""branch_1"":{""input_state"":0,""op"":""identity""},""branch_2"":{""input_state"":4,""op"":""max_pool_3x3""}}]},""reduction"":{""pairs"":[{""branch_1"":{""input_state"":1,""op"":""sep_conv_7x7""},""branch_2"":{""input_state"":1,""op"":""conv_1x7_7x1""}},{""branch_1"":{""input_state"":2,""op"":""dil_sep_conv_3x3""},""branch_2"":{""input_state"":0,""op"":""conv_1x7_7x1""}},{""branch_1"":{""input_state"":0,""op"":""max_pool_3x3""},""branch_2"":{""input_state"":3,""op"":""sep_conv_5x5""}},{""branch_1"":{""input_state"":2,""op"":""max_pool_3x3""},""branch_2"":{""input_state"":0,""op"":""sep_conv_7x7""}},{""branch_1"":{""input_state"":0,""op"":""avg_pool_3x3""},""branch_2"":{""input_state"":0,""op"":""sep_conv_7x7""}}]}}","{""normal"":{""pairs"":[{""branch_1"":{""input_state"":1,""op"":""sep_conv_5x5""},""branch_2"":{""input_state"":1,""op"":""dil_sep_conv_3x3""}},{""branch_1"":{""input_state"":1,""op"":""sep_conv_7x7""},""branch_2"":{""input_state"":0,""op"":""sep_conv_5x5""}},{""branch_1"":{""input_state"":2,""op"":""max_pool_3x3""},""branch_2"":{""input_state"":0,""op"":""dil_sep_conv_3x3""}},{""branch_1"":{""input_state"":2,""op"":""sep_conv_3x3""},""branch_2"":{""input_state"":3,""op"":""sep_conv_5x5""}},{""branch_1"":{""input_state"":0,""op"":""identity""},""branch_2"":{""input_state"":4,""op"":""max_pool_3x3""}}]},""reduction"":{""pairs"":[{""branch_1"":{""input_state"":1,""op"":""sep_conv_7x7""},""branch_2"":{""input_state"":1,""op"":""conv_1x7_7x1""}},{""branch_1"":{""input_state"":2,""op"":""dil_sep_conv_3x3""},""branch_2"":{""input_state"":0,""op"":""conv_1x7_7x1""}},{""branch_1"":{""input_state"":0,""op"":""max_pool_3x3""},""branch_2"":{""input_state"":3,""op"":""sep_conv_5x5""}},{""branch_1"":{""input_state"":1,""op"":""max_pool_3x3""},""branch_2"":{""input_state"":0,""op"":""sep_conv_7x7""}},{""branch_1"":{""input_state"":0,""op"":""avg_pool_3x3""},""branch_2"":{""input_state"":0,""op"":""sep_conv_7x7""}}]}}",hidden_state,0.4678,0.4678,0.4678,0.4678,1053490,40.94361829999252,"{""ages_in_evaluations"":[19,18,17,16,15,14,13,12,11,10,9,8,7,6,5,4,3,2,1,0],""oldest_to_youngest_evaluation_indices"":[2,3,4,5,6,7,8,9,10,11,12,13,14,15,16,17,18,19,20,21]}",0.48730093240737915,20,3,4.0536138889990525e-09
SA-RE,2710,20260848,22,24,evolution,"{""normal"":{""pairs"":[{""branch_1"":{""input_state"":1,""op"":""sep_conv_5x5""},""branch_2"":{""input_state"":1,""op"":""dil_sep_conv_3x3""}},{""branch_1"":{""input_state"":1,""op"":""sep_conv_7x7""},""branch_2"":{""input_state"":0,""op"":""sep_conv_5x5""}},{""branch_1"":{""input_state"":2,""op"":""max_pool_3x3""},""branch_2"":{""input_state"":0,""op"":""dil_sep_conv_3x3""}},{""branch_1"":{""input_state"":2,""op"":""sep_conv_3x3""},""branch_2"":{""input_state"":3,""op"":""sep_conv_5x5""}},{""branch_1"":{""input_state"":0,""op"":""identity""},""branch_2"":{""input_state"":4,""op"":""max_pool_3x3""}}]},""reduction"":{""pairs"":[{""branch_1"":{""input_state"":1,""op"":""conv_1x7_7x1""},""branch_2"":{""input_state"":1,""op"":""conv_1x7_7x1""}},{""branch_1"":{""input_state"":2,""op"":""dil_sep_conv_3x3""},""branch_2"":{""input_state"":0,""op"":""conv_1x7_7x1""}},{""branch_1"":{""input_state"":0,""op"":""max_pool_3x3""},""branch_2"":{""input_state"":3,""op"":""sep_conv_5x5""}},{""branch_1"":{""input_state"":1,""op"":""max_pool_3x3""},""branch_2"":{""input_state"":0,""op"":""sep_conv_7x7""}},{""branch_1"":{""input_state"":0,""op"":""avg_pool_3x3""},""branch_2"":{""input_state"":0,""op"":""sep_conv_7x7""}}]}}","{""normal"":{""pairs"":[{""branch_1"":{""input_state"":1,""op"":""sep_conv_5x5""},""branch_2"":{""input_state"":1,""op"":""dil_sep_conv_3x3""}},{""branch_1"":{""input_state"":1,""op"":""sep_conv_7x7""},""branch_2"":{""input_state"":0,""op"":""sep_conv_5x5""}},{""branch_1"":{""input_state"":2,""op"":""max_pool_3x3""},""branch_2"":{""input_state"":0,""op"":""dil_sep_conv_3x3""}},{""branch_1"":{""input_state"":2,""op"":""sep_conv_3x3""},""branch_2"":{""input_state"":3,""op"":""sep_conv_5x5""}},{""branch_1"":{""input_state"":0,""op"":""identity""},""branch_2"":{""input_state"":4,""op"":""max_pool_3x3""}}]},""reduction"":{""pairs"":[{""branch_1"":{""input_state"":1,""op"":""sep_conv_7x7""},""branch_2"":{""input_state"":1,""op"":""conv_1x7_7x1""}},{""branch_1"":{""input_state"":2,""op"":""dil_sep_conv_3x3""},""branch_2"":{""input_state"":0,""op"":""conv_1x7_7x1""}},{""branch_1"":{""input_state"":0,""op"":""max_pool_3x3""},""branch_2"":{""input_state"":3,""op"":""sep_conv_5x5""}},{""branch_1"":{""input_state"":1,""op"":""max_pool_3x3""},""branch_2"":{""input_state"":0,""op"":""sep_conv_7x7""}},{""branch_1"":{""input_state"":0,""op"":""avg_pool_3x3""},""branch_2"":{""input_state"":0,""op"":""sep_conv_7x7""}}]}}",operation,0.511,0.511,0.511,0.511,1032106,41.53816699999152,"{""ages_in_evaluations"":[19,18,17,16,15,14,13,12,11,10,9,8,7,6,5,4,3,2,1,0],""oldest_to_youngest_evaluation_indices"":[3,4,5,6,7,8,9,10,11,12,13,14,15,16,17,18,19,20,21,22]}",0.46628326177597046,21,3,3.456768581600045e-06
SA-RE,2710,20260849,23,24,evolution,"{""normal"":{""pairs"":[{""branch_1"":{""input_state"":1,""op"":""sep_conv_5x5""},""branch_2"":{""input_state"":1,""op"":""dil_sep_conv_3x3""}},{""branch_1"":{""input_state"":1,""op"":""sep_conv_7x7""},""branch_2"":{""input_state"":0,""op"":""sep_conv_5x5""}},{""branch_1"":{""input_state"":2,""op"":""conv_1x7_7x1""},""branch_2"":{""input_state"":0,""op"":""dil_sep_conv_3x3""}},{""branch_1"":{""input_state"":2,""op"":""sep_conv_3x3""},""branch_2"":{""input_state"":3,""op"":""sep_conv_5x5""}},{""branch_1"":{""input_state"":0,""op"":""identity""},""branch_2"":{""input_state"":4,""op"":""max_pool_3x3""}}]},""reduction"":{""pairs"":[{""branch_1"":{""input_state"":1,""op"":""conv_1x7_7x1""},""branch_2"":{""input_state"":1,""op"":""conv_1x7_7x1""}},{""branch_1"":{""input_state"":2,""op"":""dil_sep_conv_3x3""},""branch_2"":{""input_state"":0,""op"":""conv_1x7_7x1""}},{""branch_1"":{""input_state"":0,""op"":""max_pool_3x3""},""branch_2"":{""input_state"":3,""op"":""sep_conv_5x5""}},{""branch_1"":{""input_state"":1,""op"":""max_pool_3x3""},""branch_2"":{""input_state"":0,""op"":""sep_conv_7x7""}},{""branch_1"":{""input_state"":0,""op"":""avg_pool_3x3""},""branch_2"":{""input_state"":0,""op"":""sep_conv_7x7""}}]}}","{""normal"":{""pairs"":[{""branch_1"":{""input_state"":1,""op"":""sep_conv_5x5""},""branch_2"":{""input_state"":1,""op"":""dil_sep_conv_3x3""}},{""branch_1"":{""input_state"":1,""op"":""sep_conv_7x7""},""branch_2"":{""input_state"":0,""op"":""sep_conv_5x5""}},{""branch_1"":{""input_state"":2,""op"":""max_pool_3x3""},""branch_2"":{""input_state"":0,""op"":""dil_sep_conv_3x3""}},{""branch_1"":{""input_state"":2,""op"":""sep_conv_3x3""},""branch_2"":{""input_state"":3,""op"":""sep_conv_5x5""}},{""branch_1"":{""input_state"":0,""op"":""identity""},""branch_2"":{""input_state"":4,""op"":""max_pool_3x3""}}]},""reduction"":{""pairs"":[{""branch_1"":{""input_state"":1,""op"":""conv_1x7_7x1""},""branch_2"":{""input_state"":1,""op"":""conv_1x7_7x1""}},{""branch_1"":{""input_state"":2,""op"":""dil_sep_conv_3x3""},""branch_2"":{""input_state"":0,""op"":""conv_1x7_7x1""}},{""branch_1"":{""input_state"":0,""op"":""max_pool_3x3""},""branch_2"":{""input_state"":3,""op"":""sep_conv_5x5""}},{""branch_1"":{""input_state"":1,""op"":""max_pool_3x3""},""branch_2"":{""input_state"":0,""op"":""sep_conv_7x7""}},{""branch_1"":{""input_state"":0,""op"":""avg_pool_3x3""},""branch_2"":{""input_state"":0,""op"":""sep_conv_7x7""}}]}}",operation,0.4286,0.4286,0.4286,0.4286,1083766,43.71862279999186,"{""ages_in_evaluations"":[19,18,17,16,15,14,13,12,11,10,9,8,7,6,5,4,3,2,1,0],""oldest_to_youngest_evaluation_indices"":[4,5,6,7,8,9,10,11,12,13,14,15,16,17,18,19,20,21,22,23]}",0.509598970413208,22,4,8.486858860123903e-06
SA-RE,2710,20260850,24,24,evolution,"{""normal"":{""pairs"":[{""branch_1"":{""input_state"":1,""op"":""sep_conv_3x3""},""branch_2"":{""input_state"":0,""op"":""avg_pool_3x3""}},{""branch_1"":{""input_state"":1,""op"":""sep_conv_5x5""},""branch_2"":{""input_state"":1,""op"":""identity""}},{""branch_1"":{""input_state"":2,""op"":""sep_conv_7x7""},""branch_2"":{""input_state"":0,""op"":""sep_conv_5x5""}},{""branch_1"":{""input_state"":2,""op"":""avg_pool_3x3""},""branch_2"":{""input_state"":1,""op"":""sep_conv_3x3""}},{""branch_1"":{""input_state"":4,""op"":""dil_sep_conv_3x3""},""branch_2"":{""input_state"":2,""op"":""sep_conv_3x3""}}]},""reduction"":{""pairs"":[{""branch_1"":{""input_state"":1,""op"":""identity""},""branch_2"":{""input_state"":1,""op"":""sep_conv_5x5""}},{""branch_1"":{""input_state"":1,""op"":""sep_conv_3x3""},""branch_2"":{""input_state"":1,""op"":""sep_conv_5x5""}},{""branch_1"":{""input_state"":0,""op"":""max_pool_3x3""},""branch_2"":{""input_state"":1,""op"":""sep_conv_7x7""}},{""branch_1"":{""input_state"":0,""op"":""sep_conv_7x7""},""branch_2"":{""input_state"":4,""op"":""sep_conv_3x3""}},{""branch_1"":{""input_state"":2,""op"":""sep_conv_5x5""},""branch_2"":{""input_state"":5,""op"":""avg_pool_3x3""}}]}}","{""normal"":{""pairs"":[{""branch_1"":{""input_state"":1,""op"":""sep_conv_3x3""},""branch_2"":{""input_state"":0,""op"":""avg_pool_3x3""}},{""branch_1"":{""input_state"":1,""op"":""sep_conv_5x5""},""branch_2"":{""input_state"":1,""op"":""identity""}},{""branch_1"":{""input_state"":2,""op"":""sep_conv_7x7""},""branch_2"":{""input_state"":0,""op"":""sep_conv_5x5""}},{""branch_1"":{""input_state"":2,""op"":""avg_pool_3x3""},""branch_2"":{""input_state"":1,""op"":""max_pool_3x3""}},{""branch_1"":{""input_state"":4,""op"":""dil_sep_conv_3x3""},""branch_2"":{""input_state"":2,""op"":""sep_conv_3x3""}}]},""reduction"":{""pairs"":[{""branch_1"":{""input_state"":1,""op"":""identity""},""branch_2"":{""input_state"":1,""op"":""sep_conv_5x5""}},{""branch_1"":{""input_state"":1,""op"":""sep_conv_3x3""},""branch_2"":{""input_state"":1,""op"":""sep_conv_5x5""}},{""branch_1"":{""input_state"":0,""op"":""max_pool_3x3""},""branch_2"":{""input_state"":1,""op"":""sep_conv_7x7""}},{""branch_1"":{""input_state"":0,""op"":""sep_conv_7x7""},""branch_2"":{""input_state"":4,""op"":""sep_conv_3x3""}},{""branch_1"":{""input_state"":2,""op"":""sep_conv_5x5""},""branch_2"":{""input_state"":5,""op"":""avg_pool_3x3""}}]}}",operation,0.4498,0.4498,0.4498,0.4498,1109890,40.52527350001037,"{""ages_in_evaluations"":[19,18,17,16,15,14,13,12,11,10,9,8,7,6,5,4,3,2,1,0],""oldest_to_youngest_evaluation_indices"":[5,6,7,8,9,10,11,12,13,14,15,16,17,18,19,20,21,22,23,24]}",0.5078756809234619,23,2,0.00010388934606453404
