method,search_seed,evaluation_index,parent_evaluation_index,parent_architecture,candidate_index,candidate_architecture,mutation_type,predicted_mu,predicted_d,lambda,score,selected,surrogate_training_size,paired_label_count,surrogate_training_loss,mean_training_mse,instability_training_mse
RS-SA-RE,2910,21,11,"{""normal"":{""pairs"":[{""branch_1"":{""input_state"":0,""op"":""avg_pool_3x3""},""branch_2"":{""input_state"":1,""op"":""avg_pool_3x3""}},{""branch_1"":{""input_state"":2,""op"":""sep_conv_5x5""},""branch_2"":{""input_state"":1,""op"":""dil_sep_conv_3x3""}},{""branch_1"":{""input_state"":0,""op"":""sep_conv_5x5""},""branch_2"":{""input_state"":2,""op"":""sep_conv_5x5""}},{""branch_1"":{""input_state"":3,""op"":""sep_conv_3x3""},""branch_2"":{""input_state"":2,""op"":""max_pool_3x3""}},{""branch_1"":{""input_state"":0,""op"":""max_pool_3x3""},""branch_2"":{""input_state"":3,""op"":""sep_conv_5x5""}}]},""reduction"":{""pairs"":[{""branch_1"":{""input_state"":0,""op"":""sep_conv_3x3""},""branch_2"":{""input_state"":0,""op"":""conv_1x7_7x1""}},{""branch_1"":{""input_state"":1,""op"":""sep_conv_5x5""},""branch_2"":{""input_state"":0,""op"":""conv_1x7_7x1""}},{""branch_1"":{""input_state"":1,""op"":""dil_sep_conv_3x3""},""branch_2"":{""input_state"":2,""op"":""avg_pool_3x3""}},{""branch_1"":{""input_state"":3,""op"":""sep_conv_5x5""},""branch_2"":{""input_state"":2,""op"":""sep_conv_5x5""}},{""branch_1"":{""input_state"":4,""op"":""dil_sep_conv_3x3""},""branch_2"":{""input_state"":3,""op"":""sep_conv_7x7""}}]}}",0,"{""normal"":{""pairs"":[{""branch_1"":{""input_state"":0,""op"":""avg_pool_3x3""},""branch_2"":{""input_state"":1,""op"":""avg_pool_3x3""}},{""branch_1"":{""input_state"":2,""op"":""sep_conv_5x5""},""branch_2"":{""input_state"":1,""op"":""dil_sep_conv_3x3""}},{""branch_1"":{""input_state"":0,""op"":""sep_conv_5x5""},""branch_2"":{""input_state"":2,""op"":""sep_conv_5x5""}},{""branch_1"":{""input_state"":3,""op"":""sep_conv_3x3""},""branch_2"":{""input_state"":2,""op"":""max_pool_3x3""}},{""branch_1"":{""input_state"":0,""op"":""max_pool_3x3""},""branch_2"":{""input_state"":3,""op"":""sep_conv_5x5""}}]},""reduction"":{""pairs"":[{""branch_1"":{""input_state"":0,""op"":""sep_conv_3x3""},""branch_2"":{""input_state"":0,""op"":""conv_1x7_7x1""}},{""branch_1"":{""input_state"":1,""op"":""sep_conv_5x5""},""branch_2"":{""input_state"":0,""op"":""conv_1x7_7x1""}},{""branch_1"":{""input_state"":1,""op"":""dil_sep_conv_3x3""},""branch_2"":{""input_state"":2,""op"":""avg_pool_3x3""}},{""branch_1"":{""input_state"":3,""op"":""sep_conv_5x5""},""branch_2"":{""input_state"":2,""op"":""sep_conv_5x5""}},{""branch_1"":{""input_state"":4,""op"":""dil_sep_conv_3x3""},""branch_2"":{""input_state"":4,""op"":""sep_conv_7x7""}}]}}",hidden_state,0.5100330710411072,0.17639419436454773,1.0,0.33363887667655945,False,20,4,0.00021681864745914936,8.01301496267115e-07,0.00021601734624709934
RS-SA-RE,2910,21,11,"{""normal"":{""pairs"":[{""branch_1"":{""input_state"":0,""op"":""avg_pool_3x3""},""branch_2"":{""input_state"":1,""op"":""avg_pool_3x3""}},{""branch_1"":{""input_state"":2,""op"":""sep_conv_5x5""},""branch_2"":{""input_state"":1,""op"":""dil_sep_conv_3x3""}},{""branch_1"":{""input_state"":0,""op"":""sep_conv_5x5""},""branch_2"":{""input_state"":2,""op"":""sep_conv_5x5""}},{""branch_1"":{""input_state"":3,""op"":""sep_conv_3x3""},""branch_2"":{""input_state"":2,""op"":""max_pool_3x3""}},{""branch_1"":{""input_state"":0,""op"":""max_pool_3x3""},""branch_2"":{""input_state"":3,""op"":""sep_conv_5x5""}}]},""reduction"":{""pairs"":[{""branch_1"":{""input_state"":0,""op"":""sep_conv_3x3""},""branch_2"":{""input_state"":0,""op"":""conv_1x7_7x1""}},{""branch_1"":{""input_state"":1,""op"":""sep_conv_5x5""},""branch_2"":{""input_state"":0,""op"":""conv_1x7_7x1""}},{""branch_1"":{""input_state"":1,""op"":""dil_sep_conv_3x3""},""branch_2"":{""input_state"":2,""op"":""avg_pool_3x3""}},{""branch_1"":{""input_state"":3,""op"":""sep_conv_5x5""},""branch_2"":{""input_state"":2,""op"":""sep_conv_5x5""}},{""branch_1"":{""input_state"":4,""op"":""dil_sep_conv_3x3""},""branch_2"":{""input_state"":3,""op"":""sep_conv_7x7""}}]}}",1,"{""normal"":{""pairs"":[{""branch_1"":{""input_state"":0,""op"":""avg_pool_3x3""},""branch_2"":{""input_state"":1,""op"":""avg_pool_3x3""}},{""branch_1"":{""input_state"":2,""op"":""sep_conv_5x5""},""branch_2"":{""input_state"":1,""op"":""dil_sep_conv_3x3""}},{""branch_1"":{""input_state"":0,""op"":""sep_conv_5x5""},""branch_2"":{""input_state"":2,""op"":""sep_conv_5x5""}},{""branch_1"":{""input_state"":3,""op"":""sep_conv_3x3""},""branch_2"":{""input_state"":2,""op"":""max_pool_3x3""}},{""branch_1"":{""input_state"":0,""op"":""max_pool_3x3""},""branch_2"":{""input_state"":3,""op"":""sep_conv_5x5""}}]},""reduction"":{""pairs"":[{""branch_1"":{""input_state"":0,""op"":""sep_conv_3x3""},""branch_2"":{""input_state"":0,""op"":""conv_1x7_7x1""}},{""branch_1"":{""input_state"":1,""op"":""sep_conv_5x5""},""branch_2"":{""input_state"":0,""op"":""conv_1x7_7x1""}},{""branch_1"":{""input_state"":1,""op"":""dil_sep_conv_3x3""},""branch_2"":{""input_state"":2,""op"":""avg_pool_3x3""}},{""branch_1"":{""input_state"":3,""op"":""sep_conv_5x5""},""branch_2"":{""input_state"":2,""op"":""sep_conv_5x5""}},{""branch_1"":{""input_state"":4,""op"":""dil_sep_conv_3x3""},""branch_2"":{""input_state"":3,""op"":""sep_conv_7x7""}}]}}",identity,0.5093767046928406,0.1624743789434433,1.0,0.3469023108482361,False,20,4,0.00021681864745914936,8.01301496267115e-07,0.00021601734624709934
RS-SA-RE,2910,21,11,"{""normal"":{""pairs"":[{""branch_1"":{""input_state"":0,""op"":""avg_pool_3x3""},""branch_2"":{""input_state"":1,""op"":""avg_pool_3x3""}},{""branch_1"":{""input_state"":2,""op"":""sep_conv_5x5""},""branch_2"":{""input_state"":1,""op"":""dil_sep_conv_3x3""}},{""branch_1"":{""input_state"":0,""op"":""sep_conv_5x5""},""branch_2"":{""input_state"":2,""op"":""sep_conv_5x5""}},{""branch_1"":{""input_state"":3,""op"":""sep_conv_3x3""},""branch_2"":{""input_state"":2,""op"":""max_pool_3x3""}},{""branch_1"":{""input_state"":0,""op"":""max_pool_3x3""},""branch_2"":{""input_state"":3,""op"":""sep_conv_5x5""}}]},""reduction"":{""pairs"":[{""branch_1"":{""input_state"":0,""op"":""sep_conv_3x3""},""branch_2"":{""input_state"":0,""op"":""conv_1x7_7x1""}},{""branch_1"":{""input_state"":1,""op"":""sep_conv_5x5""},""branch_2"":{""input_state"":0,""op"":""conv_1x7_7x1""}},{""branch_1"":{""input_state"":1,""op"":""dil_sep_conv_3x3""},""branch_2"":{""input_state"":2,""op"":""avg_pool_3x3""}},{""branch_1"":{""input_state"":3,""op"":""sep_conv_5x5""},""branch_2"":{""input_state"":2,""op"":""sep_conv_5x5""}},{""branch_1"":{""input_state"":4,""op"":""dil_sep_conv_3x3""},""branch_2"":{""input_state"":3,""op"":""sep_conv_7x7""}}]}}",2,"{""normal"":{""pairs"":[{""branch_1"":{""input_state"":0,""op"":""avg_pool_3x3""},""branch_2"":{""input_state"":1,""op"":""avg_pool_3x3""}},{""branch_1"":{""input_state"":2,""op"":""sep_conv_5x5""},""branch_2"":{""input_state"":1,""op"":""dil_sep_conv_3x3""}},{""branch_1"":{""input_state"":0,""op"":""sep_conv_5x5""},""branch_2"":{""input_state"":2,""op"":""sep_conv_5x5""}},{""branch_1"":{""input_state"":3,""op"":""sep_conv_3x3""},""branch_2"":{""input_state"":2,""op"":""max_pool_3x3""}},{""branch_1"":{""input_state"":0,""op"":""max_pool_3x3""},""branch_2"":{""input_state"":3,""op"":""sep_conv_5x5""}}]},""reduction"":{""pairs"":[{""branch_1"":{""input_state"":0,""op"":""sep_conv_3x3""},""branch_2"":{""input_state"":0,""op"":""conv_1x7_7x1""}},{""branch_1"":{""input_state"":1,""op"":""sep_conv_5x5""},""branch_2"":{""input_state"":1,""op"":""conv_1x7_7x1""}},{""branch_1"":{""input_state"":1,""op"":""dil_sep_conv_3x3""},""branch_2"":{""input_state"":2,""op"":""avg_pool_3x3""}},{""branch_1"":{""input_state"":3,""op"":""sep_conv_5x5""},""branch_2"":{""input_state"":2,""op"":""sep_conv_5x5""}},{""branch_1"":{""input_state"":4,""op"":""dil_sep_conv_3x3""},""branch_2"":{""input_state"":3,""op"":""sep_conv_7x7""}}]}}",hidden_state,0.5203424096107483,0.1600901037454605,1.0,0.360252320766449,True,20,4,0.00021681864745914936,8.01301496267115e-07,0.00021601734624709934
RS-SA-RE,2910,21,11,"{""normal"":{""pairs"":[{""branch_1"":{""input_state"":0,""op"":""avg_pool_3x3""},""branch_2"":{""input_state"":1,""op"":""avg_pool_3x3""}},{""branch_1"":{""input_state"":2,""op"":""sep_conv_5x5""},""branch_2"":{""input_state"":1,""op"":""dil_sep_conv_3x3""}},{""branch_1"":{""input_state"":0,""op"":""sep_conv_5x5""},""branch_2"":{""input_state"":2,""op"":""sep_conv_5x5""}},{""branch_1"":{""input_state"":3,""op"":""sep_conv_3x3""},""branch_2"":{""input_state"":2,""op"":""max_pool_3x3""}},{""branch_1"":{""input_state"":0,""op"":""max_pool_3x3""},""branch_2"":{""input_state"":3,""op"":""sep_conv_5x5""}}]},""reduction"":{""pairs"":[{""branch_1"":{""input_state"":0,""op"":""sep_conv_3x3""},""branch_2"":{""input_state"":0,""op"":""conv_1x7_7x1""}},{""branch_1"":{""input_state"":1,""op"":""sep_conv_5x5""},""branch_2"":{""input_state"":0,""op"":""conv_1x7_7x1""}},{""branch_1"":{""input_state"":1,""op"":""dil_sep_conv_3x3""},""branch_2"":{""input_state"":2,""op"":""avg_pool_3x3""}},{""branch_1"":{""input_state"":3,""op"":""sep_conv_5x5""},""branch_2"":{""input_state"":2,""op"":""sep_conv_5x5""}},{""branch_1"":{""input_state"":4,""op"":""dil_sep_conv_3x3""},""branch_2"":{""input_state"":3,""op"":""sep_conv_7x7""}}]}}",3,"{""normal"":{""pairs"":[{""branch_1"":{""input_state"":0,""op"":""avg_pool_3x3""},""branch_2"":{""input_state"":1,""op"":""avg_pool_3x3""}},{""branch_1"":{""input_state"":2,""op"":""sep_conv_5x5""},""branch_2"":{""input_state"":1,""op"":""sep_conv_3x3""}},{""branch_1"":{""input_state"":0,""op"":""sep_conv_5x5""},""branch_2"":{""input_state"":2,""op"":""sep_conv_5x5""}},{""branch_1"":{""input_state"":3,""op"":""sep_conv_3x3""},""branch_2"":{""input_state"":2,""op"":""max_pool_3x3""}},{""branch_1"":{""input_state"":0,""op"":""max_pool_3x3""},""branch_2"":{""input_state"":3,""op"":""sep_conv_5x5""}}]},""reduction"":{""pairs"":[{""branch_1"":{""input_state"":0,""op"":""sep_conv_3x3""},""branch_2"":{""input_state"":0,""op"":""conv_1x7_7x1""}},{""branch_1"":{""input_state"":1,""op"":""sep_conv_5x5""},""branch_2"":{""input_state"":0,""op"":""conv_1x7_7x1""}},{""branch_1"":{""input_state"":1,""op"":""dil_sep_conv_3x3""},""branch_2"":{""input_state"":2,""op"":""avg_pool_3x3""}},{""branch_1"":{""input_state"":3,""op"":""sep_conv_5x5""},""branch_2"":{""input_state"":2,""op"":""sep_conv_5x5""}},{""branch_1"":{""input_state"":4,""op"":""dil_sep_conv_3x3""},""branch_2"":{""input_state"":3,""op"":""sep_conv_7x7""}}]}}",operation,0.5067656636238098,0.17633043229579926,1.0,0.33043521642684937,False,20,4,0.00021681864745914936,8.01301496267115e-07,0.00021601734624709934
RS-SA-RE,2910,21,11,"{""normal"":{""pairs"":[{""branch_1"":{""input_state"":0,""op"":""avg_pool_3x3""},""branch_2"":{""input_state"":1,""op"":""avg_pool_3x3""}},{""branch_1"":{""input_state"":2,""op"":""sep_conv_5x5""},""branch_2"":{""input_state"":1,""op"":""dil_sep_conv_3x3""}},{""branch_1"":{""input_state"":0,""op"":""sep_conv_5x5""},""branch_2"":{""input_state"":2,""op"":""sep_conv_5x5""}},{""branch_1"":{""input_state"":3,""op"":""sep_conv_3x3""},""branch_2"":{""input_state"":2,""op"":""max_pool_3x3""}},{""branch_1"":{""input_state"":0,""op"":""max_pool_3x3""},""branch_2"":{""input_state"":3,""op"":""sep_conv_5x5""}}]},""reduction"":{""pairs"":[{""branch_1"":{""input_state"":0,""op"":""sep_conv_3x3""},""branch_2"":{""input_state"":0,""op"":""conv_1x7_7x1""}},{""branch_1"":{""input_state"":1,""op"":""sep_conv_5x5""},""branch_2"":{""input_state"":0,""op"":""conv_1x7_7x1""}},{""branch_1"":{""input_state"":1,""op"":""dil_sep_conv_3x3""},""branch_2"":{""input_state"":2,""op"":""avg_pool_3x3""}},{""branch_1"":{""input_state"":3,""op"":""sep_conv_5x5""},""branch_2"":{""input_state"":2,""op"":""sep_conv_5x5""}},{""branch_1"":{""input_state"":4,""op"":""dil_sep_conv_3x3""},""branch_2"":{""input_state"":3,""op"":""sep_conv_7x7""}}]}}",4,"{""normal"":{""pairs"":[{""branch_1"":{""input_state"":0,""op"":""avg_pool_3x3""},""branch_2"":{""input_state"":1,""op"":""avg_pool_3x3""}},{""branch_1"":{""input_state"":2,""op"":""sep_conv_5x5""},""branch_2"":{""input_state"":1,""op"":""dil_sep_conv_3x3""}},{""branch_1"":{""input_state"":0,""op"":""sep_conv_5x5""},""branch_2"":{""input_state"":2,""op"":""sep_conv_5x5""}},{""branch_1"":{""input_state"":3,""op"":""sep_conv_3x3""},""branch_2"":{""input_state"":2,""op"":""max_pool_3x3""}},{""branch_1"":{""input_state"":0,""op"":""max_pool_3x3""},""branch_2"":{""input_state"":3,""op"":""sep_conv_5x5""}}]},""reduction"":{""pairs"":[{""branch_1"":{""input_state"":0,""op"":""sep_conv_3x3""},""branch_2"":{""input_state"":0,""op"":""conv_1x7_7x1""}},{""branch_1"":{""input_state"":1,""op"":""sep_conv_5x5""},""branch_2"":{""input_state"":0,""op"":""conv_1x7_7x1""}},{""branch_1"":{""input_state"":1,""op"":""dil_sep_conv_3x3""},""branch_2"":{""input_state"":2,""op"":""avg_pool_3x3""}},{""branch_1"":{""input_state"":3,""op"":""dil_sep_conv_3x3""},""branch_2"":{""input_state"":2,""op"":""sep_conv_5x5""}},{""branch_1"":{""input_state"":4,""op"":""dil_sep_conv_3x3""},""branch_2"":{""input_state"":3,""op"":""sep_conv_7x7""}}]}}",operation,0.49078643321990967,0.1615896075963974,1.0,0.3291968107223511,False,20,4,0.00021681864745914936,8.01301496267115e-07,0.00021601734624709934
RS-SA-RE,2910,22,20,"{""normal"":{""pairs"":[{""branch_1"":{""input_state"":1,""op"":""sep_conv_3x3""},""branch_2"":{""input_state"":1,""op"":""identity""}},{""branch_1"":{""input_state"":2,""op"":""sep_conv_3x3""},""branch_2"":{""input_state"":0,""op"":""sep_conv_5x5""}},{""branch_1"":{""input_state"":0,""op"":""dil_sep_conv_3x3""},""branch_2"":{""input_state"":0,""op"":""conv_1x7_7x1""}},{""branch_1"":{""input_state"":3,""op"":""sep_conv_7x7""},""branch_2"":{""input_state"":0,""op"":""avg_pool_3x3""}},{""branch_1"":{""input_state"":1,""op"":""sep_conv_7x7""},""branch_2"":{""input_state"":0,""op"":""max_pool_3x3""}}]},""reduction"":{""pairs"":[{""branch_1"":{""input_state"":1,""op"":""identity""},""branch_2"":{""input_state"":0,""op"":""dil_sep_conv_3x3""}},{""branch_1"":{""input_state"":0,""op"":""dil_sep_conv_3x3""},""branch_2"":{""input_state"":1,""op"":""conv_1x7_7x1""}},{""branch_1"":{""input_state"":1,""op"":""sep_conv_7x7""},""branch_2"":{""input_state"":2,""op"":""dil_sep_conv_3x3""}},{""branch_1"":{""input_state"":1,""op"":""sep_conv_5x5""},""branch_2"":{""input_state"":0,""op"":""conv_1x7_7x1""}},{""branch_1"":{""input_state"":0,""op"":""max_pool_3x3""},""branch_2"":{""input_state"":1,""op"":""sep_conv_3x3""}}]}}",0,"{""normal"":{""pairs"":[{""branch_1"":{""input_state"":1,""op"":""sep_conv_3x3""},""branch_2"":{""input_state"":1,""op"":""identity""}},{""branch_1"":{""input_state"":2,""op"":""sep_conv_3x3""},""branch_2"":{""input_state"":0,""op"":""sep_conv_5x5""}},{""branch_1"":{""input_state"":0,""op"":""dil_sep_conv_3x3""},""branch_2"":{""input_state"":0,""op"":""conv_1x7_7x1""}},{""branch_1"":{""input_state"":3,""op"":""sep_conv_7x7""},""branch_2"":{""input_state"":0,""op"":""avg_pool_3x3""}},{""branch_1"":{""input_state"":1,""op"":""sep_conv_7x7""},""branch_2"":{""input_state"":5,""op"":""max_pool_3x3""}}]},""reduction"":{""pairs"":[{""branch_1"":{""input_state"":1,""op"":""identity""},""branch_2"":{""input_state"":0,""op"":""dil_sep_conv_3x3""}},{""branch_1"":{""input_state"":0,""op"":""dil_sep_conv_3x3""},""branch_2"":{""input_state"":1,""op"":""conv_1x7_7x1""}},{""branch_1"":{""input_state"":1,""op"":""sep_conv_7x7""},""branch_2"":{""input_state"":2,""op"":""dil_sep_conv_3x3""}},{""branch_1"":{""input_state"":1,""op"":""sep_conv_5x5""},""branch_2"":{""input_state"":0,""op"":""conv_1x7_7x1""}},{""branch_1"":{""input_state"":0,""op"":""max_pool_3x3""},""branch_2"":{""input_state"":1,""op"":""sep_conv_3x3""}}]}}",hidden_state,0.5354222655296326,0.164693683385849,1.0,0.37072858214378357,False,21,4,0.00033207927481271327,0.00011330979032209143,0.00021876947721466422
RS-SA-RE,2910,22,20,"{""normal"":{""pairs"":[{""branch_1"":{""input_state"":1,""op"":""sep_conv_3x3""},""branch_2"":{""input_state"":1,""op"":""identity""}},{""branch_1"":{""input_state"":2,""op"":""sep_conv_3x3""},""branch_2"":{""input_state"":0,""op"":""sep_conv_5x5""}},{""branch_1"":{""input_state"":0,""op"":""dil_sep_conv_3x3""},""branch_2"":{""input_state"":0,""op"":""conv_1x7_7x1""}},{""branch_1"":{""input_state"":3,""op"":""sep_conv_7x7""},""branch_2"":{""input_state"":0,""op"":""avg_pool_3x3""}},{""branch_1"":{""input_state"":1,""op"":""sep_conv_7x7""},""branch_2"":{""input_state"":0,""op"":""max_pool_3x3""}}]},""reduction"":{""pairs"":[{""branch_1"":{""input_state"":1,""op"":""identity""},""branch_2"":{""input_state"":0,""op"":""dil_sep_conv_3x3""}},{""branch_1"":{""input_state"":0,""op"":""dil_sep_conv_3x3""},""branch_2"":{""input_state"":1,""op"":""conv_1x7_7x1""}},{""branch_1"":{""input_state"":1,""op"":""sep_conv_7x7""},""branch_2"":{""input_state"":2,""op"":""dil_sep_conv_3x3""}},{""branch_1"":{""input_state"":1,""op"":""sep_conv_5x5""},""branch_2"":{""input_state"":0,""op"":""conv_1x7_7x1""}},{""branch_1"":{""input_state"":0,""op"":""max_pool_3x3""},""branch_2"":{""input_state"":1,""op"":""sep_conv_3x3""}}]}}",1,"{""normal"":{""pairs"":[{""branch_1"":{""input_state"":0,""op"":""sep_conv_3x3""},""branch_2"":{""input_state"":1,""op"":""identity""}},{""branch_1"":{""input_state"":2,""op"":""sep_conv_3x3""},""branch_2"":{""input_state"":0,""op"":""sep_conv_5x5""}},{""branch_1"":{""input_state"":0,""op"":""dil_sep_conv_3x3""},""branch_2"":{""input_state"":0,""op"":""conv_1x7_7x1""}},{""branch_1"":{""input_state"":3,""op"":""sep_conv_7x7""},""branch_2"":{""input_state"":0,""op"":""avg_pool_3x3""}},{""branch_1"":{""input_state"":1,""op"":""sep_conv_7x7""},""branch_2"":{""input_state"":0,""op"":""max_pool_3x3""}}]},""reduction"":{""pairs"":[{""branch_1"":{""input_state"":1,""op"":""identity""},""branch_2"":{""input_state"":0,""op"":""dil_sep_conv_3x3""}},{""branch_1"":{""input_state"":0,""op"":""dil_sep_conv_3x3""},""branch_2"":{""input_state"":1,""op"":""conv_1x7_7x1""}},{""branch_1"":{""input_state"":1,""op"":""sep_conv_7x7""},""branch_2"":{""input_state"":2,""op"":""dil_sep_conv_3x3""}},{""branch_1"":{""input_state"":1,""op"":""sep_conv_5x5""},""branch_2"":{""input_state"":0,""op"":""conv_1x7_7x1""}},{""branch_1"":{""input_state"":0,""op"":""max_pool_3x3""},""branch_2"":{""input_state"":1,""op"":""sep_conv_3x3""}}]}}",hidden_state,0.5284146070480347,0.15963561832904816,1.0,0.3687790036201477,False,21,4,0.00033207927481271327,0.00011330979032209143,0.00021876947721466422
RS-SA-RE,2910,22,20,"{""normal"":{""pairs"":[{""branch_1"":{""input_state"":1,""op"":""sep_conv_3x3""},""branch_2"":{""input_state"":1,""op"":""identity""}},{""branch_1"":{""input_state"":2,""op"":""sep_conv_3x3""},""branch_2"":{""input_state"":0,""op"":""sep_conv_5x5""}},{""branch_1"":{""input_state"":0,""op"":""dil_sep_conv_3x3""},""branch_2"":{""input_state"":0,""op"":""conv_1x7_7x1""}},{""branch_1"":{""input_state"":3,""op"":""sep_conv_7x7""},""branch_2"":{""input_state"":0,""op"":""avg_pool_3x3""}},{""branch_1"":{""input_state"":1,""op"":""sep_conv_7x7""},""branch_2"":{""input_state"":0,""op"":""max_pool_3x3""}}]},""reduction"":{""pairs"":[{""branch_1"":{""input_state"":1,""op"":""identity""},""branch_2"":{""input_state"":0,""op"":""dil_sep_conv_3x3""}},{""branch_1"":{""input_state"":0,""op"":""dil_sep_conv_3x3""},""branch_2"":{""input_state"":1,""op"":""conv_1x7_7x1""}},{""branch_1"":{""input_state"":1,""op"":""sep_conv_7x7""},""branch_2"":{""input_state"":2,""op"":""dil_sep_conv_3x3""}},{""branch_1"":{""input_state"":1,""op"":""sep_conv_5x5""},""branch_2"":{""input_state"":0,""op"":""conv_1x7_7x1""}},{""branch_1"":{""input_state"":0,""op"":""max_pool_3x3""},""branch_2"":{""input_state"":1,""op"":""sep_conv_3x3""}}]}}",2,"{""normal"":{""pairs"":[{""branch_1"":{""input_state"":1,""op"":""sep_conv_3x3""},""branch_2"":{""input_state"":1,""op"":""identity""}},{""branch_1"":{""input_state"":2,""op"":""sep_conv_3x3""},""branch_2"":{""input_state"":0,""op"":""sep_conv_5x5""}},{""branch_1"":{""input_state"":0,""op"":""dil_sep_conv_3x3""},""branch_2"":{""input_state"":0,""op"":""conv_1x7_7x1""}},{""branch_1"":{""input_state"":3,""op"":""sep_conv_7x7""},""branch_2"":{""input_state"":0,""op"":""avg_pool_3x3""}},{""branch_1"":{""input_state"":1,""op"":""sep_conv_7x7""},""branch_2"":{""input_state"":0,""op"":""max_pool_3x3""}}]},""reduction"":{""pairs"":[{""branch_1"":{""input_state"":1,""op"":""identity""},""branch_2"":{""input_state"":0,""op"":""dil_sep_conv_3x3""}},{""branch_1"":{""input_state"":0,""op"":""dil_sep_conv_3x3""},""branch_2"":{""input_state"":1,""op"":""conv_1x7_7x1""}},{""branch_1"":{""input_state"":1,""op"":""sep_conv_7x7""},""branch_2"":{""input_state"":2,""op"":""dil_sep_conv_3x3""}},{""branch_1"":{""input_state"":1,""op"":""sep_conv_5x5""},""branch_2"":{""input_state"":0,""op"":""conv_1x7_7x1""}},{""branch_1"":{""input_state"":3,""op"":""max_pool_3x3""},""branch_2"":{""input_state"":1,""op"":""sep_conv_3x3""}}]}}",hidden_state,0.4955126941204071,0.16155779361724854,1.0,0.33395490050315857,False,21,4,0.00033207927481271327,0.00011330979032209143,0.00021876947721466422
RS-SA-RE,2910,22,20,"{""normal"":{""pairs"":[{""branch_1"":{""input_state"":1,""op"":""sep_conv_3x3""},""branch_2"":{""input_state"":1,""op"":""identity""}},{""branch_1"":{""input_state"":2,""op"":""sep_conv_3x3""},""branch_2"":{""input_state"":0,""op"":""sep_conv_5x5""}},{""branch_1"":{""input_state"":0,""op"":""dil_sep_conv_3x3""},""branch_2"":{""input_state"":0,""op"":""conv_1x7_7x1""}},{""branch_1"":{""input_state"":3,""op"":""sep_conv_7x7""},""branch_2"":{""input_state"":0,""op"":""avg_pool_3x3""}},{""branch_1"":{""input_state"":1,""op"":""sep_conv_7x7""},""branch_2"":{""input_state"":0,""op"":""max_pool_3x3""}}]},""reduction"":{""pairs"":[{""branch_1"":{""input_state"":1,""op"":""identity""},""branch_2"":{""input_state"":0,""op"":""dil_sep_conv_3x3""}},{""branch_1"":{""input_state"":0,""op"":""dil_sep_conv_3x3""},""branch_2"":{""input_state"":1,""op"":""conv_1x7_7x1""}},{""branch_1"":{""input_state"":1,""op"":""sep_conv_7x7""},""branch_2"":{""input_state"":2,""op"":""dil_sep_conv_3x3""}},{""branch_1"":{""input_state"":1,""op"":""sep_conv_5x5""},""branch_2"":{""input_state"":0,""op"":""conv_1x7_7x1""}},{""branch_1"":{""input_state"":0,""op"":""max_pool_3x3""},""branch_2"":{""input_state"":1,""op"":""sep_conv_3x3""}}]}}",3,"{""normal"":{""pairs"":[{""branch_1"":{""input_state"":1,""op"":""sep_conv_3x3""},""branch_2"":{""input_state"":1,""op"":""identity""}},{""branch_1"":{""input_state"":2,""op"":""sep_conv_3x3""},""branch_2"":{""input_state"":0,""op"":""sep_conv_5x5""}},{""branch_1"":{""input_state"":0,""op"":""dil_sep_conv_3x3""},""branch_2"":{""input_state"":0,""op"":""conv_1x7_7x1""}},{""branch_1"":{""input_state"":3,""op"":""sep_conv_7x7""},""branch_2"":{""input_state"":0,""op"":""avg_pool_3x3""}},{""branch_1"":{""input_state"":1,""op"":""sep_conv_7x7""},""branch_2"":{""input_state"":0,""op"":""max_pool_3x3""}}]},""reduction"":{""pairs"":[{""branch_1"":{""input_state"":1,""op"":""identity""},""branch_2"":{""input_state"":0,""op"":""dil_sep_conv_3x3""}},{""branch_1"":{""input_state"":0,""op"":""dil_sep_conv_3x3""},""branch_2"":{""input_state"":1,""op"":""conv_1x7_7x1""}},{""branch_1"":{""input_state"":1,""op"":""sep_conv_7x7""},""branch_2"":{""input_state"":2,""op"":""dil_sep_conv_3x3""}},{""branch_1"":{""input_state"":1,""op"":""sep_conv_5x5""},""branch_2"":{""input_state"":0,""op"":""conv_1x7_7x1""}},{""branch_1"":{""input_state"":0,""op"":""max_pool_3x3""},""branch_2"":{""input_state"":0,""op"":""sep_conv_3x3""}}]}}",hidden_state,0.5203583240509033,0.14417867362499237,1.0,0.37617963552474976,True,21,4,0.00033207927481271327,0.00011330979032209143,0.00021876947721466422
RS-SA-RE,2910,22,20,"{""normal"":{""pairs"":[{""branch_1"":{""input_state"":1,""op"":""sep_conv_3x3""},""branch_2"":{""input_state"":1,""op"":""identity""}},{""branch_1"":{""input_state"":2,""op"":""sep_conv_3x3""},""branch_2"":{""input_state"":0,""op"":""sep_conv_5x5""}},{""branch_1"":{""input_state"":0,""op"":""dil_sep_conv_3x3""},""branch_2"":{""input_state"":0,""op"":""conv_1x7_7x1""}},{""branch_1"":{""input_state"":3,""op"":""sep_conv_7x7""},""branch_2"":{""input_state"":0,""op"":""avg_pool_3x3""}},{""branch_1"":{""input_state"":1,""op"":""sep_conv_7x7""},""branch_2"":{""input_state"":0,""op"":""max_pool_3x3""}}]},""reduction"":{""pairs"":[{""branch_1"":{""input_state"":1,""op"":""identity""},""branch_2"":{""input_state"":0,""op"":""dil_sep_conv_3x3""}},{""branch_1"":{""input_state"":0,""op"":""dil_sep_conv_3x3""},""branch_2"":{""input_state"":1,""op"":""conv_1x7_7x1""}},{""branch_1"":{""input_state"":1,""op"":""sep_conv_7x7""},""branch_2"":{""input_state"":2,""op"":""dil_sep_conv_3x3""}},{""branch_1"":{""input_state"":1,""op"":""sep_conv_5x5""},""branch_2"":{""input_state"":0,""op"":""conv_1x7_7x1""}},{""branch_1"":{""input_state"":0,""op"":""max_pool_3x3""},""branch_2"":{""input_state"":1,""op"":""sep_conv_3x3""}}]}}",4,"{""normal"":{""pairs"":[{""branch_1"":{""input_state"":1,""op"":""sep_conv_3x3""},""branch_2"":{""input_state"":1,""op"":""identity""}},{""branch_1"":{""input_state"":2,""op"":""sep_conv_3x3""},""branch_2"":{""input_state"":0,""op"":""sep_conv_5x5""}},{""branch_1"":{""input_state"":0,""op"":""dil_sep_conv_3x3""},""branch_2"":{""input_state"":0,""op"":""conv_1x7_7x1""}},{""branch_1"":{""input_state"":3,""op"":""sep_conv_7x7""},""branch_2"":{""input_state"":1,""op"":""avg_pool_3x3""}},{""branch_1"":{""input_state"":1,""op"":""sep_conv_7x7""},""branch_2"":{""input_state"":0,""op"":""max_pool_3x3""}}]},""reduction"":{""pairs"":[{""branch_1"":{""input_state"":1,""op"":""identity""},""branch_2"":{""input_state"":0,""op"":""dil_sep_conv_3x3""}},{""branch_1"":{""input_state"":0,""op"":""dil_sep_conv_3x3""},""branch_2"":{""input_state"":1,""op"":""conv_1x7_7x1""}},{""branch_1"":{""input_state"":1,""op"":""sep_conv_7x7""},""branch_2"":{""input_state"":2,""op"":""dil_sep_conv_3x3""}},{""branch_1"":{""input_state"":1,""op"":""sep_conv_5x5""},""branch_2"":{""input_state"":0,""op"":""conv_1x7_7x1""}},{""branch_1"":{""input_state"":0,""op"":""max_pool_3x3""},""branch_2"":{""input_state"":1,""op"":""sep_conv_3x3""}}]}}",hidden_state,0.5075168013572693,0.15756870806217194,1.0,0.34994810819625854,False,21,4,0.00033207927481271327,0.00011330979032209143,0.00021876947721466422
RS-SA-RE,2910,23,11,"{""normal"":{""pairs"":[{""branch_1"":{""input_state"":0,""op"":""avg_pool_3x3""},""branch_2"":{""input_state"":1,""op"":""avg_pool_3x3""}},{""branch_1"":{""input_state"":2,""op"":""sep_conv_5x5""},""branch_2"":{""input_state"":1,""op"":""dil_sep_conv_3x3""}},{""branch_1"":{""input_state"":0,""op"":""sep_conv_5x5""},""branch_2"":{""input_state"":2,""op"":""sep_conv_5x5""}},{""branch_1"":{""input_state"":3,""op"":""sep_conv_3x3""},""branch_2"":{""input_state"":2,""op"":""max_pool_3x3""}},{""branch_1"":{""input_state"":0,""op"":""max_pool_3x3""},""branch_2"":{""input_state"":3,""op"":""sep_conv_5x5""}}]},""reduction"":{""pairs"":[{""branch_1"":{""input_state"":0,""op"":""sep_conv_3x3""},""branch_2"":{""input_state"":0,""op"":""conv_1x7_7x1""}},{""branch_1"":{""input_state"":1,""op"":""sep_conv_5x5""},""branch_2"":{""input_state"":0,""op"":""conv_1x7_7x1""}},{""branch_1"":{""input_state"":1,""op"":""dil_sep_conv_3x3""},""branch_2"":{""input_state"":2,""op"":""avg_pool_3x3""}},{""branch_1"":{""input_state"":3,""op"":""sep_conv_5x5""},""branch_2"":{""input_state"":2,""op"":""sep_conv_5x5""}},{""branch_1"":{""input_state"":4,""op"":""dil_sep_conv_3x3""},""branch_2"":{""input_state"":3,""op"":""sep_conv_7x7""}}]}}",0,"{""normal"":{""pairs"":[{""branch_1"":{""input_state"":0,""op"":""avg_pool_3x3""},""branch_2"":{""input_state"":1,""op"":""avg_pool_3x3""}},{""branch_1"":{""input_state"":2,""op"":""sep_conv_5x5""},""branch_2"":{""input_state"":1,""op"":""dil_sep_conv_3x3""}},{""branch_1"":{""input_state"":0,""op"":""sep_conv_5x5""},""branch_2"":{""input_state"":2,""op"":""sep_conv_5x5""}},{""branch_1"":{""input_state"":3,""op"":""sep_conv_3x3""},""branch_2"":{""input_state"":2,""op"":""max_pool_3x3""}},{""branch_1"":{""input_state"":0,""op"":""max_pool_3x3""},""branch_2"":{""input_state"":3,""op"":""sep_conv_5x5""}}]},""reduction"":{""pairs"":[{""branch_1"":{""input_state"":0,""op"":""sep_conv_3x3""},""branch_2"":{""input_state"":0,""op"":""conv_1x7_7x1""}},{""branch_1"":{""input_state"":1,""op"":""sep_conv_5x5""},""branch_2"":{""input_state"":0,""op"":""conv_1x7_7x1""}},{""branch_1"":{""input_state"":1,""op"":""dil_sep_conv_3x3""},""branch_2"":{""input_state"":2,""op"":""avg_pool_3x3""}},{""branch_1"":{""input_state"":2,""op"":""sep_conv_5x5""},""branch_2"":{""input_state"":2,""op"":""sep_conv_5x5""}},{""branch_1"":{""input_state"":4,""op"":""dil_sep_conv_3x3""},""branch_2"":{""input_state"":3,""op"":""sep_conv_7x7""}}]}}",hidden_state,0.47328317165374756,0.1777745634317398,1.0,0.29550862312316895,True,22,4,0.000333032279741019,0.00011772264406317845,0.00021530964295379817
RS-SA-RE,2910,23,11,"{""normal"":{""pairs"":[{""branch_1"":{""input_state"":0,""op"":""avg_pool_3x3""},""branch_2"":{""input_state"":1,""op"":""avg_pool_3x3""}},{""branch_1"":{""input_state"":2,""op"":""sep_conv_5x5""},""branch_2"":{""input_state"":1,""op"":""dil_sep_conv_3x3""}},{""branch_1"":{""input_state"":0,""op"":""sep_conv_5x5""},""branch_2"":{""input_state"":2,""op"":""sep_conv_5x5""}},{""branch_1"":{""input_state"":3,""op"":""sep_conv_3x3""},""branch_2"":{""input_state"":2,""op"":""max_pool_3x3""}},{""branch_1"":{""input_state"":0,""op"":""max_pool_3x3""},""branch_2"":{""input_state"":3,""op"":""sep_conv_5x5""}}]},""reduction"":{""pairs"":[{""branch_1"":{""input_state"":0,""op"":""sep_conv_3x3""},""branch_2"":{""input_state"":0,""op"":""conv_1x7_7x1""}},{""branch_1"":{""input_state"":1,""op"":""sep_conv_5x5""},""branch_2"":{""input_state"":0,""op"":""conv_1x7_7x1""}},{""branch_1"":{""input_state"":1,""op"":""dil_sep_conv_3x3""},""branch_2"":{""input_state"":2,""op"":""avg_pool_3x3""}},{""branch_1"":{""input_state"":3,""op"":""sep_conv_5x5""},""branch_2"":{""input_state"":2,""op"":""sep_conv_5x5""}},{""branch_1"":{""input_state"":4,""op"":""dil_sep_conv_3x3""},""branch_2"":{""input_state"":3,""op"":""sep_conv_7x7""}}]}}",1,"{""normal"":{""pairs"":[{""branch_1"":{""input_state"":0,""op"":""avg_pool_3x3""},""branch_2"":{""input_state"":1,""op"":""avg_pool_3x3""}},{""branch_1"":{""input_state"":2,""op"":""sep_conv_5x5""},""branch_2"":{""input_state"":1,""op"":""dil_sep_conv_3x3""}},{""branch_1"":{""input_state"":0,""op"":""sep_conv_5x5""},""branch_2"":{""input_state"":2,""op"":""sep_conv_5x5""}},{""branch_1"":{""input_state"":3,""op"":""sep_conv_3x3""},""branch_2"":{""input_state"":2,""op"":""max_pool_3x3""}},{""branch_1"":{""input_state"":0,""op"":""max_pool_3x3""},""branch_2"":{""input_state"":3,""op"":""sep_conv_5x5""}}]},""reduction"":{""pairs"":[{""branch_1"":{""input_state"":0,""op"":""sep_conv_3x3""},""branch_2"":{""input_state"":0,""op"":""conv_1x7_7x1""}},{""branch_1"":{""input_state"":1,""op"":""sep_conv_5x5""},""branch_2"":{""input_state"":0,""op"":""conv_1x7_7x1""}},{""branch_1"":{""input_state"":1,""op"":""dil_sep_conv_3x3""},""branch_2"":{""input_state"":2,""op"":""avg_pool_3x3""}},{""branch_1"":{""input_state"":3,""op"":""dil_sep_conv_3x3""},""branch_2"":{""input_state"":2,""op"":""sep_conv_5x5""}},{""branch_1"":{""input_state"":4,""op"":""dil_sep_conv_3x3""},""branch_2"":{""input_state"":3,""op"":""sep_conv_7x7""}}]}}",operation,0.4590064585208893,0.18741154670715332,1.0,0.27159491181373596,False,22,4,0.000333032279741019,0.00011772264406317845,0.00021530964295379817
RS-SA-RE,2910,23,11,"{""normal"":{""pairs"":[{""branch_1"":{""input_state"":0,""op"":""avg_pool_3x3""},""branch_2"":{""input_state"":1,""op"":""avg_pool_3x3""}},{""branch_1"":{""input_state"":2,""op"":""sep_conv_5x5""},""branch_2"":{""input_state"":1,""op"":""dil_sep_conv_3x3""}},{""branch_1"":{""input_state"":0,""op"":""sep_conv_5x5""},""branch_2"":{""input_state"":2,""op"":""sep_conv_5x5""}},{""branch_1"":{""input_state"":3,""op"":""sep_conv_3x3""},""branch_2"":{""input_state"":2,""op"":""max_pool_3x3""}},{""branch_1"":{""input_state"":0,""op"":""max_pool_3x3""},""branch_2"":{""input_state"":3,""op"":""sep_conv_5x5""}}]},""reduction"":{""pairs"":[{""branch_1"":{""input_state"":0,""op"":""sep_conv_3x3""},""branch_2"":{""input_state"":0,""op"":""conv_1x7_7x1""}},{""branch_1"":{""input_state"":1,""op"":""sep_conv_5x5""},""branch_2"":{""input_state"":0,""op"":""conv_1x7_7x1""}},{""branch_1"":{""input_state"":1,""op"":""dil_sep_conv_3x3""},""branch_2"":{""input_state"":2,""op"":""avg_pool_3x3""}},{""branch_1"":{""input_state"":3,""op"":""sep_conv_5x5""},""branch_2"":{""input_state"":2,""op"":""sep_conv_5x5""}},{""branch_1"":{""input_state"":4,""op"":""dil_sep_conv_3x3""},""branch_2"":{""input_state"":3,""op"":""sep_conv_7x7""}}]}}",2,"{""normal"":{""pairs"":[{""branch_1"":{""input_state"":0,""op"":""avg_pool_3x3""},""branch_2"":{""input_state"":1,""op"":""avg_pool_3x3""}},{""branch_1"":{""input_state"":2,""op"":""sep_conv_5x5""},""branch_2"":{""input_state"":1,""op"":""dil_sep_conv_3x3""}},{""branch_1"":{""input_state"":0,""op"":""sep_conv_5x5""},""branch_2"":{""input_state"":2,""op"":""sep_conv_5x5""}},{""branch_1"":{""input_state"":3,""op"":""sep_conv_3x3""},""branch_2"":{""input_state"":2,""op"":""max_pool_3x3""}},{""branch_1"":{""input_state"":0,""op"":""max_pool_3x3""},""branch_2"":{""input_state"":3,""op"":""sep_conv_5x5""}}]},""reduction"":{""pairs"":[{""branch_1"":{""input_state"":0,""op"":""sep_conv_3x3""},""branch_2"":{""input_state"":0,""op"":""conv_1x7_7x1""}},{""branch_1"":{""input_state"":1,""op"":""sep_conv_5x5""},""branch_2"":{""input_state"":0,""op"":""conv_1x7_7x1""}},{""branch_1"":{""input_state"":1,""op"":""dil_sep_conv_3x3""},""branch_2"":{""input_state"":2,""op"":""avg_pool_3x3""}},{""branch_1"":{""input_state"":3,""op"":""sep_conv_5x5""},""branch_2"":{""input_state"":2,""op"":""sep_conv_5x5""}},{""branch_1"":{""input_state"":4,""op"":""dil_sep_conv_3x3""},""branch_2"":{""input_state"":3,""op"":""sep_conv_7x7""}}]}}",identity,0.4749281108379364,0.1889813244342804,1.0,0.285946786403656,False,22,4,0.000333032279741019,0.00011772264406317845,0.00021530964295379817
RS-SA-RE,2910,23,11,"{""normal"":{""pairs"":[{""branch_1"":{""input_state"":0,""op"":""avg_pool_3x3""},""branch_2"":{""input_state"":1,""op"":""avg_pool_3x3""}},{""branch_1"":{""input_state"":2,""op"":""sep_conv_5x5""},""branch_2"":{""input_state"":1,""op"":""dil_sep_conv_3x3""}},{""branch_1"":{""input_state"":0,""op"":""sep_conv_5x5""},""branch_2"":{""input_state"":2,""op"":""sep_conv_5x5""}},{""branch_1"":{""input_state"":3,""op"":""sep_conv_3x3""},""branch_2"":{""input_state"":2,""op"":""max_pool_3x3""}},{""branch_1"":{""input_state"":0,""op"":""max_pool_3x3""},""branch_2"":{""input_state"":3,""op"":""sep_conv_5x5""}}]},""reduction"":{""pairs"":[{""branch_1"":{""input_state"":0,""op"":""sep_conv_3x3""},""branch_2"":{""input_state"":0,""op"":""conv_1x7_7x1""}},{""branch_1"":{""input_state"":1,""op"":""sep_conv_5x5""},""branch_2"":{""input_state"":0,""op"":""conv_1x7_7x1""}},{""branch_1"":{""input_state"":1,""op"":""dil_sep_conv_3x3""},""branch_2"":{""input_state"":2,""op"":""avg_pool_3x3""}},{""branch_1"":{""input_state"":3,""op"":""sep_conv_5x5""},""branch_2"":{""input_state"":2,""op"":""sep_conv_5x5""}},{""branch_1"":{""input_state"":4,""op"":""dil_sep_conv_3x3""},""branch_2"":{""input_state"":3,""op"":""sep_conv_7x7""}}]}}",3,"{""normal"":{""pairs"":[{""branch_1"":{""input_state"":0,""op"":""avg_pool_3x3""},""branch_2"":{""input_state"":1,""op"":""avg_pool_3x3""}},{""branch_1"":{""input_state"":2,""op"":""sep_conv_5x5""},""branch_2"":{""input_state"":1,""op"":""max_pool_3x3""}},{""branch_1"":{""input_state"":0,""op"":""sep_conv_5x5""},""branch_2"":{""input_state"":2,""op"":""sep_conv_5x5""}},{""branch_1"":{""input_state"":3,""op"":""sep_conv_3x3""},""branch_2"":{""input_state"":2,""op"":""max_pool_3x3""}},{""branch_1"":{""input_state"":0,""op"":""max_pool_3x3""},""branch_2"":{""input_state"":3,""op"":""sep_conv_5x5""}}]},""reduction"":{""pairs"":[{""branch_1"":{""input_state"":0,""op"":""sep_conv_3x3""},""branch_2"":{""input_state"":0,""op"":""conv_1x7_7x1""}},{""branch_1"":{""input_state"":1,""op"":""sep_conv_5x5""},""branch_2"":{""input_state"":0,""op"":""conv_1x7_7x1""}},{""branch_1"":{""input_state"":1,""op"":""dil_sep_conv_3x3""},""branch_2"":{""input_state"":2,""op"":""avg_pool_3x3""}},{""branch_1"":{""input_state"":3,""op"":""sep_conv_5x5""},""branch_2"":{""input_state"":2,""op"":""sep_conv_5x5""}},{""branch_1"":{""input_state"":4,""op"":""dil_sep_conv_3x3""},""branch_2"":{""input_state"":3,""op"":""sep_conv_7x7""}}]}}",operation,0.4713953137397766,0.20400795340538025,1.0,0.26738736033439636,False,22,4,0.000333032279741019,0.00011772264406317845,0.00021530964295379817
RS-SA-RE,2910,23,11,"{""normal"":{""pairs"":[{""branch_1"":{""input_state"":0,""op"":""avg_pool_3x3""},""branch_2"":{""input_state"":1,""op"":""avg_pool_3x3""}},{""branch_1"":{""input_state"":2,""op"":""sep_conv_5x5""},""branch_2"":{""input_state"":1,""op"":""dil_sep_conv_3x3""}},{""branch_1"":{""input_state"":0,""op"":""sep_conv_5x5""},""branch_2"":{""input_state"":2,""op"":""sep_conv_5x5""}},{""branch_1"":{""input_state"":3,""op"":""sep_conv_3x3""},""branch_2"":{""input_state"":2,""op"":""max_pool_3x3""}},{""branch_1"":{""input_state"":0,""op"":""max_pool_3x3""},""branch_2"":{""input_state"":3,""op"":""sep_conv_5x5""}}]},""reduction"":{""pairs"":[{""branch_1"":{""input_state"":0,""op"":""sep_conv_3x3""},""branch_2"":{""input_state"":0,""op"":""conv_1x7_7x1""}},{""branch_1"":{""input_state"":1,""op"":""sep_conv_5x5""},""branch_2"":{""input_state"":0,""op"":""conv_1x7_7x1""}},{""branch_1"":{""input_state"":1,""op"":""dil_sep_conv_3x3""},""branch_2"":{""input_state"":2,""op"":""avg_pool_3x3""}},{""branch_1"":{""input_state"":3,""op"":""sep_conv_5x5""},""branch_2"":{""input_state"":2,""op"":""sep_conv_5x5""}},{""branch_1"":{""input_state"":4,""op"":""dil_sep_conv_3x3""},""branch_2"":{""input_state"":3,""op"":""sep_conv_7x7""}}]}}",4,"{""normal"":{""pairs"":[{""branch_1"":{""input_state"":0,""op"":""avg_pool_3x3""},""branch_2"":{""input_state"":1,""op"":""avg_pool_3x3""}},{""branch_1"":{""input_state"":2,""op"":""sep_conv_5x5""},""branch_2"":{""input_state"":1,""op"":""dil_sep_conv_3x3""}},{""branch_1"":{""input_state"":0,""op"":""sep_conv_5x5""},""branch_2"":{""input_state"":2,""op"":""identity""}},{""branch_1"":{""input_state"":3,""op"":""sep_conv_3x3""},""branch_2"":{""input_state"":2,""op"":""max_pool_3x3""}},{""branch_1"":{""input_state"":0,""op"":""max_pool_3x3""},""branch_2"":{""input_state"":3,""op"":""sep_conv_5x5""}}]},""reduction"":{""pairs"":[{""branch_1"":{""input_state"":0,""op"":""sep_conv_3x3""},""branch_2"":{""input_state"":0,""op"":""conv_1x7_7x1""}},{""branch_1"":{""input_state"":1,""op"":""sep_conv_5x5""},""branch_2"":{""input_state"":0,""op"":""conv_1x7_7x1""}},{""branch_1"":{""input_state"":1,""op"":""dil_sep_conv_3x3""},""branch_2"":{""input_state"":2,""op"":""avg_pool_3x3""}},{""branch_1"":{""input_state"":3,""op"":""sep_conv_5x5""},""branch_2"":{""input_state"":2,""op"":""sep_conv_5x5""}},{""branch_1"":{""input_state"":4,""op"":""dil_sep_conv_3x3""},""branch_2"":{""input_state"":3,""op"":""sep_conv_7x7""}}]}}",operation,0.468376487493515,0.17509572207927704,1.0,0.29328078031539917,False,22,4,0.000333032279741019,0.00011772264406317845,0.00021530964295379817
RS-SA-RE,2910,24,20,"{""normal"":{""pairs"":[{""branch_1"":{""input_state"":1,""op"":""sep_conv_3x3""},""branch_2"":{""input_state"":1,""op"":""identity""}},{""branch_1"":{""input_state"":2,""op"":""sep_conv_3x3""},""branch_2"":{""input_state"":0,""op"":""sep_conv_5x5""}},{""branch_1"":{""input_state"":0,""op"":""dil_sep_conv_3x3""},""branch_2"":{""input_state"":0,""op"":""conv_1x7_7x1""}},{""branch_1"":{""input_state"":3,""op"":""sep_conv_7x7""},""branch_2"":{""input_state"":0,""op"":""avg_pool_3x3""}},{""branch_1"":{""input_state"":1,""op"":""sep_conv_7x7""},""branch_2"":{""input_state"":0,""op"":""max_pool_3x3""}}]},""reduction"":{""pairs"":[{""branch_1"":{""input_state"":1,""op"":""identity""},""branch_2"":{""input_state"":0,""op"":""dil_sep_conv_3x3""}},{""branch_1"":{""input_state"":0,""op"":""dil_sep_conv_3x3""},""branch_2"":{""input_state"":1,""op"":""conv_1x7_7x1""}},{""branch_1"":{""input_state"":1,""op"":""sep_conv_7x7""},""branch_2"":{""input_state"":2,""op"":""dil_sep_conv_3x3""}},{""branch_1"":{""input_state"":1,""op"":""sep_conv_5x5""},""branch_2"":{""input_state"":0,""op"":""conv_1x7_7x1""}},{""branch_1"":{""input_state"":0,""op"":""max_pool_3x3""},""branch_2"":{""input_state"":1,""op"":""sep_conv_3x3""}}]}}",0,"{""normal"":{""pairs"":[{""branch_1"":{""input_state"":1,""op"":""sep_conv_3x3""},""branch_2"":{""input_state"":1,""op"":""identity""}},{""branch_1"":{""input_state"":2,""op"":""sep_conv_3x3""},""branch_2"":{""input_state"":0,""op"":""sep_conv_5x5""}},{""branch_1"":{""input_state"":0,""op"":""max_pool_3x3""},""branch_2"":{""input_state"":0,""op"":""conv_1x7_7x1""}},{""branch_1"":{""input_state"":3,""op"":""sep_conv_7x7""},""branch_2"":{""input_state"":0,""op"":""avg_pool_3x3""}},{""branch_1"":{""input_state"":1,""op"":""sep_conv_7x7""},""branch_2"":{""input_state"":0,""op"":""max_pool_3x3""}}]},""reduction"":{""pairs"":[{""branch_1"":{""input_state"":1,""op"":""identity""},""branch_2"":{""input_state"":0,""op"":""dil_sep_conv_3x3""}},{""branch_1"":{""input_state"":0,""op"":""dil_sep_conv_3x3""},""branch_2"":{""input_state"":1,""op"":""conv_1x7_7x1""}},{""branch_1"":{""input_state"":1,""op"":""sep_conv_7x7""},""branch_2"":{""input_state"":2,""op"":""dil_sep_conv_3x3""}},{""branch_1"":{""input_state"":1,""op"":""sep_conv_5x5""},""branch_2"":{""input_state"":0,""op"":""conv_1x7_7x1""}},{""branch_1"":{""input_state"":0,""op"":""max_pool_3x3""},""branch_2"":{""input_state"":1,""op"":""sep_conv_3x3""}}]}}",operation,0.4897347092628479,0.18502406775951385,1.0,0.30471062660217285,False,23,4,0.0003611250431276858,0.0001427355600753799,0.00021838946850039065
RS-SA-RE,2910,24,20,"{""normal"":{""pairs"":[{""branch_1"":{""input_state"":1,""op"":""sep_conv_3x3""},""branch_2"":{""input_state"":1,""op"":""identity""}},{""branch_1"":{""input_state"":2,""op"":""sep_conv_3x3""},""branch_2"":{""input_state"":0,""op"":""sep_conv_5x5""}},{""branch_1"":{""input_state"":0,""op"":""dil_sep_conv_3x3""},""branch_2"":{""input_state"":0,""op"":""conv_1x7_7x1""}},{""branch_1"":{""input_state"":3,""op"":""sep_conv_7x7""},""branch_2"":{""input_state"":0,""op"":""avg_pool_3x3""}},{""branch_1"":{""input_state"":1,""op"":""sep_conv_7x7""},""branch_2"":{""input_state"":0,""op"":""max_pool_3x3""}}]},""reduction"":{""pairs"":[{""branch_1"":{""input_state"":1,""op"":""identity""},""branch_2"":{""input_state"":0,""op"":""dil_sep_conv_3x3""}},{""branch_1"":{""input_state"":0,""op"":""dil_sep_conv_3x3""},""branch_2"":{""input_state"":1,""op"":""conv_1x7_7x1""}},{""branch_1"":{""input_state"":1,""op"":""sep_conv_7x7""},""branch_2"":{""input_state"":2,""op"":""dil_sep_conv_3x3""}},{""branch_1"":{""input_state"":1,""op"":""sep_conv_5x5""},""branch_2"":{""input_state"":0,""op"":""conv_1x7_7x1""}},{""branch_1"":{""input_state"":0,""op"":""max_pool_3x3""},""branch_2"":{""input_state"":1,""op"":""sep_conv_3x3""}}]}}",1,"{""normal"":{""pairs"":[{""branch_1"":{""input_state"":1,""op"":""sep_conv_3x3""},""branch_2"":{""input_state"":1,""op"":""identity""}},{""branch_1"":{""input_state"":2,""op"":""sep_conv_3x3""},""branch_2"":{""input_state"":0,""op"":""sep_conv_5x5""}},{""branch_1"":{""input_state"":0,""op"":""dil_sep_conv_3x3""},""branch_2"":{""input_state"":0,""op"":""conv_1x7_7x1""}},{""branch_1"":{""input_state"":3,""op"":""sep_conv_7x7""},""branch_2"":{""input_state"":0,""op"":""avg_pool_3x3""}},{""branch_1"":{""input_state"":1,""op"":""sep_conv_7x7""},""branch_2"":{""input_state"":0,""op"":""max_pool_3x3""}}]},""reduction"":{""pairs"":[{""branch_1"":{""input_state"":1,""op"":""identity""},""branch_2"":{""input_state"":0,""op"":""dil_sep_conv_3x3""}},{""branch_1"":{""input_state"":0,""op"":""dil_sep_conv_3x3""},""branch_2"":{""input_state"":2,""op"":""conv_1x7_7x1""}},{""branch_1"":{""input_state"":1,""op"":""sep_conv_7x7""},""branch_2"":{""input_state"":2,""op"":""dil_sep_conv_3x3""}},{""branch_1"":{""input_state"":1,""op"":""sep_conv_5x5""},""branch_2"":{""input_state"":0,""op"":""conv_1x7_7x1""}},{""branch_1"":{""input_state"":0,""op"":""max_pool_3x3""},""branch_2"":{""input_state"":1,""op"":""sep_conv_3x3""}}]}}",hidden_state,0.5173293352127075,0.15802966058254242,1.0,0.3592996597290039,True,23,4,0.0003611250431276858,0.0001427355600753799,0.00021838946850039065
RS-SA-RE,2910,24,20,"{""normal"":{""pairs"":[{""branch_1"":{""input_state"":1,""op"":""sep_conv_3x3""},""branch_2"":{""input_state"":1,""op"":""identity""}},{""branch_1"":{""input_state"":2,""op"":""sep_conv_3x3""},""branch_2"":{""input_state"":0,""op"":""sep_conv_5x5""}},{""branch_1"":{""input_state"":0,""op"":""dil_sep_conv_3x3""},""branch_2"":{""input_state"":0,""op"":""conv_1x7_7x1""}},{""branch_1"":{""input_state"":3,""op"":""sep_conv_7x7""},""branch_2"":{""input_state"":0,""op"":""avg_pool_3x3""}},{""branch_1"":{""input_state"":1,""op"":""sep_conv_7x7""},""branch_2"":{""input_state"":0,""op"":""max_pool_3x3""}}]},""reduction"":{""pairs"":[{""branch_1"":{""input_state"":1,""op"":""identity""},""branch_2"":{""input_state"":0,""op"":""dil_sep_conv_3x3""}},{""branch_1"":{""input_state"":0,""op"":""dil_sep_conv_3x3""},""branch_2"":{""input_state"":1,""op"":""conv_1x7_7x1""}},{""branch_1"":{""input_state"":1,""op"":""sep_conv_7x7""},""branch_2"":{""input_state"":2,""op"":""dil_sep_conv_3x3""}},{""branch_1"":{""input_state"":1,""op"":""sep_conv_5x5""},""branch_2"":{""input_state"":0,""op"":""conv_1x7_7x1""}},{""branch_1"":{""input_state"":0,""op"":""max_pool_3x3""},""branch_2"":{""input_state"":1,""op"":""sep_conv_3x3""}}]}}",2,"{""normal"":{""pairs"":[{""branch_1"":{""input_state"":1,""op"":""sep_conv_3x3""},""branch_2"":{""input_state"":1,""op"":""identity""}},{""branch_1"":{""input_state"":2,""op"":""sep_conv_3x3""},""branch_2"":{""input_state"":0,""op"":""sep_conv_5x5""}},{""branch_1"":{""input_state"":0,""op"":""dil_sep_conv_3x3""},""branch_2"":{""input_state"":0,""op"":""conv_1x7_7x1""}},{""branch_1"":{""input_state"":3,""op"":""sep_conv_7x7""},""branch_2"":{""input_state"":0,""op"":""avg_pool_3x3""}},{""branch_1"":{""input_state"":1,""op"":""sep_conv_7x7""},""branch_2"":{""input_state"":0,""op"":""max_pool_3x3""}}]},""reduction"":{""pairs"":[{""branch_1"":{""input_state"":1,""op"":""identity""},""branch_2"":{""input_state"":0,""op"":""dil_sep_conv_3x3""}},{""branch_1"":{""input_state"":1,""op"":""dil_sep_conv_3x3""},""branch_2"":{""input_state"":1,""op"":""conv_1x7_7x1""}},{""branch_1"":{""input_state"":1,""op"":""sep_conv_7x7""},""branch_2"":{""input_state"":2,""op"":""dil_sep_conv_3x3""}},{""branch_1"":{""input_state"":1,""op"":""sep_conv_5x5""},""branch_2"":{""input_state"":0,""op"":""conv_1x7_7x1""}},{""branch_1"":{""input_state"":0,""op"":""max_pool_3x3""},""branch_2"":{""input_state"":1,""op"":""sep_conv_3x3""}}]}}",hidden_state,0.4910176694393158,0.17488627135753632,1.0,0.3161314129829407,False,23,4,0.0003611250431276858,0.0001427355600753799,0.00021838946850039065
RS-SA-RE,2910,24,20,"{""normal"":{""pairs"":[{""branch_1"":{""input_state"":1,""op"":""sep_conv_3x3""},""branch_2"":{""input_state"":1,""op"":""identity""}},{""branch_1"":{""input_state"":2,""op"":""sep_conv_3x3""},""branch_2"":{""input_state"":0,""op"":""sep_conv_5x5""}},{""branch_1"":{""input_state"":0,""op"":""dil_sep_conv_3x3""},""branch_2"":{""input_state"":0,""op"":""conv_1x7_7x1""}},{""branch_1"":{""input_state"":3,""op"":""sep_conv_7x7""},""branch_2"":{""input_state"":0,""op"":""avg_pool_3x3""}},{""branch_1"":{""input_state"":1,""op"":""sep_conv_7x7""},""branch_2"":{""input_state"":0,""op"":""max_pool_3x3""}}]},""reduction"":{""pairs"":[{""branch_1"":{""input_state"":1,""op"":""identity""},""branch_2"":{""input_state"":0,""op"":""dil_sep_conv_3x3""}},{""branch_1"":{""input_state"":0,""op"":""dil_sep_conv_3x3""},""branch_2"":{""input_state"":1,""op"":""conv_1x7_7x1""}},{""branch_1"":{""input_state"":1,""op"":""sep_conv_7x7""},""branch_2"":{""input_state"":2,""op"":""dil_sep_conv_3x3""}},{""branch_1"":{""input_state"":1,""op"":""sep_conv_5x5""},""branch_2"":{""input_state"":0,""op"":""conv_1x7_7x1""}},{""branch_1"":{""input_state"":0,""op"":""max_pool_3x3""},""branch_2"":{""input_state"":1,""op"":""sep_conv_3x3""}}]}}",3,"{""normal"":{""pairs"":[{""branch_1"":{""input_state"":1,""op"":""sep_conv_3x3""},""branch_2"":{""input_state"":1,""op"":""identity""}},{""branch_1"":{""input_state"":2,""op"":""max_pool_3x3""},""branch_2"":{""input_state"":0,""op"":""sep_conv_5x5""}},{""branch_1"":{""input_state"":0,""op"":""dil_sep_conv_3x3""},""branch_2"":{""input_state"":0,""op"":""conv_1x7_7x1""}},{""branch_1"":{""input_state"":3,""op"":""sep_conv_7x7""},""branch_2"":{""input_state"":0,""op"":""avg_pool_3x3""}},{""branch_1"":{""input_state"":1,""op"":""sep_conv_7x7""},""branch_2"":{""input_state"":0,""op"":""max_pool_3x3""}}]},""reduction"":{""pairs"":[{""branch_1"":{""input_state"":1,""op"":""identity""},""branch_2"":{""input_state"":0,""op"":""dil_sep_conv_3x3""}},{""branch_1"":{""input_state"":0,""op"":""dil_sep_conv_3x3""},""branch_2"":{""input_state"":1,""op"":""conv_1x7_7x1""}},{""branch_1"":{""input_state"":1,""op"":""sep_conv_7x7""},""branch_2"":{""input_state"":2,""op"":""dil_sep_conv_3x3""}},{""branch_1"":{""input_state"":1,""op"":""sep_conv_5x5""},""branch_2"":{""input_state"":0,""op"":""conv_1x7_7x1""}},{""branch_1"":{""input_state"":0,""op"":""max_pool_3x3""},""branch_2"":{""input_state"":1,""op"":""sep_conv_3x3""}}]}}",operation,0.4976445138454437,0.15925468504428864,1.0,0.3383898138999939,False,23,4,0.0003611250431276858,0.0001427355600753799,0.00021838946850039065
RS-SA-RE,2910,24,20,"{""normal"":{""pairs"":[{""branch_1"":{""input_state"":1,""op"":""sep_conv_3x3""},""branch_2"":{""input_state"":1,""op"":""identity""}},{""branch_1"":{""input_state"":2,""op"":""sep_conv_3x3""},""branch_2"":{""input_state"":0,""op"":""sep_conv_5x5""}},{""branch_1"":{""input_state"":0,""op"":""dil_sep_conv_3x3""},""branch_2"":{""input_state"":0,""op"":""conv_1x7_7x1""}},{""branch_1"":{""input_state"":3,""op"":""sep_conv_7x7""},""branch_2"":{""input_state"":0,""op"":""avg_pool_3x3""}},{""branch_1"":{""input_state"":1,""op"":""sep_conv_7x7""},""branch_2"":{""input_state"":0,""op"":""max_pool_3x3""}}]},""reduction"":{""pairs"":[{""branch_1"":{""input_state"":1,""op"":""identity""},""branch_2"":{""input_state"":0,""op"":""dil_sep_conv_3x3""}},{""branch_1"":{""input_state"":0,""op"":""dil_sep_conv_3x3""},""branch_2"":{""input_state"":1,""op"":""conv_1x7_7x1""}},{""branch_1"":{""input_state"":1,""op"":""sep_conv_7x7""},""branch_2"":{""input_state"":2,""op"":""dil_sep_conv_3x3""}},{""branch_1"":{""input_state"":1,""op"":""sep_conv_5x5""},""branch_2"":{""input_state"":0,""op"":""conv_1x7_7x1""}},{""branch_1"":{""input_state"":0,""op"":""max_pool_3x3""},""branch_2"":{""input_state"":1,""op"":""sep_conv_3x3""}}]}}",4,"{""normal"":{""pairs"":[{""branch_1"":{""input_state"":1,""op"":""sep_conv_3x3""},""branch_2"":{""input_state"":1,""op"":""identity""}},{""branch_1"":{""input_state"":2,""op"":""sep_conv_3x3""},""branch_2"":{""input_state"":0,""op"":""sep_conv_5x5""}},{""branch_1"":{""input_state"":0,""op"":""dil_sep_conv_3x3""},""branch_2"":{""input_state"":0,""op"":""conv_1x7_7x1""}},{""branch_1"":{""input_state"":3,""op"":""sep_conv_7x7""},""branch_2"":{""input_state"":0,""op"":""avg_pool_3x3""}},{""branch_1"":{""input_state"":1,""op"":""sep_conv_7x7""},""branch_2"":{""input_state"":0,""op"":""max_pool_3x3""}}]},""reduction"":{""pairs"":[{""branch_1"":{""input_state"":0,""op"":""identity""},""branch_2"":{""input_state"":0,""op"":""dil_sep_conv_3x3""}},{""branch_1"":{""input_state"":0,""op"":""dil_sep_conv_3x3""},""branch_2"":{""input_state"":1,""op"":""conv_1x7_7x1""}},{""branch_1"":{""input_state"":1,""op"":""sep_conv_7x7""},""branch_2"":{""input_state"":2,""op"":""dil_sep_conv_3x3""}},{""branch_1"":{""input_state"":1,""op"":""sep_conv_5x5""},""branch_2"":{""input_state"":0,""op"":""conv_1x7_7x1""}},{""branch_1"":{""input_state"":0,""op"":""max_pool_3x3""},""branch_2"":{""input_state"":1,""op"":""sep_conv_3x3""}}]}}",hidden_state,0.4943273067474365,0.1739923506975174,1.0,0.3203349709510803,False,23,4,0.0003611250431276858,0.0001427355600753799,0.00021838946850039065
RS-SA-RE,2910,25,6,"{""normal"":{""pairs"":[{""branch_1"":{""input_state"":0,""op"":""sep_conv_7x7""},""branch_2"":{""input_state"":0,""op"":""sep_conv_3x3""}},{""branch_1"":{""input_state"":1,""op"":""avg_pool_3x3""},""branch_2"":{""input_state"":0,""op"":""sep_conv_7x7""}},{""branch_1"":{""input_state"":2,""op"":""conv_1x7_7x1""},""branch_2"":{""input_state"":2,""op"":""sep_conv_3x3""}},{""branch_1"":{""input_state"":0,""op"":""max_pool_3x3""},""branch_2"":{""input_state"":2,""op"":""sep_conv_3x3""}},{""branch_1"":{""input_state"":3,""op"":""sep_conv_3x3""},""branch_2"":{""input_state"":1,""op"":""sep_conv_3x3""}}]},""reduction"":{""pairs"":[{""branch_1"":{""input_state"":1,""op"":""sep_conv_7x7""},""branch_2"":{""input_state"":0,""op"":""sep_conv_7x7""}},{""branch_1"":{""input_state"":0,""op"":""dil_sep_conv_3x3""},""branch_2"":{""input_state"":0,""op"":""sep_conv_7x7""}},{""branch_1"":{""input_state"":0,""op"":""avg_pool_3x3""},""branch_2"":{""input_state"":0,""op"":""max_pool_3x3""}},{""branch_1"":{""input_state"":0,""op"":""sep_conv_3x3""},""branch_2"":{""input_state"":3,""op"":""sep_conv_7x7""}},{""branch_1"":{""input_state"":5,""op"":""sep_conv_7x7""},""branch_2"":{""input_state"":0,""op"":""avg_pool_3x3""}}]}}",0,"{""normal"":{""pairs"":[{""branch_1"":{""input_state"":0,""op"":""sep_conv_7x7""},""branch_2"":{""input_state"":0,""op"":""sep_conv_3x3""}},{""branch_1"":{""input_state"":1,""op"":""avg_pool_3x3""},""branch_2"":{""input_state"":0,""op"":""sep_conv_7x7""}},{""branch_1"":{""input_state"":2,""op"":""conv_1x7_7x1""},""branch_2"":{""input_state"":2,""op"":""sep_conv_3x3""}},{""branch_1"":{""input_state"":0,""op"":""max_pool_3x3""},""branch_2"":{""input_state"":2,""op"":""sep_conv_3x3""}},{""branch_1"":{""input_state"":3,""op"":""sep_conv_3x3""},""branch_2"":{""input_state"":1,""op"":""sep_conv_3x3""}}]},""reduction"":{""pairs"":[{""branch_1"":{""input_state"":1,""op"":""sep_conv_7x7""},""branch_2"":{""input_state"":0,""op"":""sep_conv_7x7""}},{""branch_1"":{""input_state"":2,""op"":""dil_sep_conv_3x3""},""branch_2"":{""input_state"":0,""op"":""sep_conv_7x7""}},{""branch_1"":{""input_state"":0,""op"":""avg_pool_3x3""},""branch_2"":{""input_state"":0,""op"":""max_pool_3x3""}},{""branch_1"":{""input_state"":0,""op"":""sep_conv_3x3""},""branch_2"":{""input_state"":3,""op"":""sep_conv_7x7""}},{""branch_1"":{""input_state"":5,""op"":""sep_conv_7x7""},""branch_2"":{""input_state"":0,""op"":""avg_pool_3x3""}}]}}",hidden_state,0.5136569738388062,0.11793667078018188,1.0,0.39572030305862427,False,24,5,0.00038936969940550625,9.89427135209553e-05,0.00029042697860859334
RS-SA-RE,2910,25,6,"{""normal"":{""pairs"":[{""branch_1"":{""input_state"":0,""op"":""sep_conv_7x7""},""branch_2"":{""input_state"":0,""op"":""sep_conv_3x3""}},{""branch_1"":{""input_state"":1,""op"":""avg_pool_3x3""},""branch_2"":{""input_state"":0,""op"":""sep_conv_7x7""}},{""branch_1"":{""input_state"":2,""op"":""conv_1x7_7x1""},""branch_2"":{""input_state"":2,""op"":""sep_conv_3x3""}},{""branch_1"":{""input_state"":0,""op"":""max_pool_3x3""},""branch_2"":{""input_state"":2,""op"":""sep_conv_3x3""}},{""branch_1"":{""input_state"":3,""op"":""sep_conv_3x3""},""branch_2"":{""input_state"":1,""op"":""sep_conv_3x3""}}]},""reduction"":{""pairs"":[{""branch_1"":{""input_state"":1,""op"":""sep_conv_7x7""},""branch_2"":{""input_state"":0,""op"":""sep_conv_7x7""}},{""branch_1"":{""input_state"":0,""op"":""dil_sep_conv_3x3""},""branch_2"":{""input_state"":0,""op"":""sep_conv_7x7""}},{""branch_1"":{""input_state"":0,""op"":""avg_pool_3x3""},""branch_2"":{""input_state"":0,""op"":""max_pool_3x3""}},{""branch_1"":{""input_state"":0,""op"":""sep_conv_3x3""},""branch_2"":{""input_state"":3,""op"":""sep_conv_7x7""}},{""branch_1"":{""input_state"":5,""op"":""sep_conv_7x7""},""branch_2"":{""input_state"":0,""op"":""avg_pool_3x3""}}]}}",1,"{""normal"":{""pairs"":[{""branch_1"":{""input_state"":0,""op"":""sep_conv_7x7""},""branch_2"":{""input_state"":0,""op"":""sep_conv_3x3""}},{""branch_1"":{""input_state"":1,""op"":""avg_pool_3x3""},""branch_2"":{""input_state"":0,""op"":""sep_conv_7x7""}},{""branch_1"":{""input_state"":2,""op"":""conv_1x7_7x1""},""branch_2"":{""input_state"":2,""op"":""dil_sep_conv_3x3""}},{""branch_1"":{""input_state"":0,""op"":""max_pool_3x3""},""branch_2"":{""input_state"":2,""op"":""sep_conv_3x3""}},{""branch_1"":{""input_state"":3,""op"":""sep_conv_3x3""},""branch_2"":{""input_state"":1,""op"":""sep_conv_3x3""}}]},""reduction"":{""pairs"":[{""branch_1"":{""input_state"":1,""op"":""sep_conv_7x7""},""branch_2"":{""input_state"":0,""op"":""sep_conv_7x7""}},{""branch_1"":{""input_state"":0,""op"":""dil_sep_conv_3x3""},""branch_2"":{""input_state"":0,""op"":""sep_conv_7x7""}},{""branch_1"":{""input_state"":0,""op"":""avg_pool_3x3""},""branch_2"":{""input_state"":0,""op"":""max_pool_3x3""}},{""branch_1"":{""input_state"":0,""op"":""sep_conv_3x3""},""branch_2"":{""input_state"":3,""op"":""sep_conv_7x7""}},{""branch_1"":{""input_state"":5,""op"":""sep_conv_7x7""},""branch_2"":{""input_state"":0,""op"":""avg_pool_3x3""}}]}}",operation,0.5364055037498474,0.1149861067533493,1.0,0.4214193820953369,True,24,5,0.00038936969940550625,9.89427135209553e-05,0.00029042697860859334
RS-SA-RE,2910,25,6,"{""normal"":{""pairs"":[{""branch_1"":{""input_state"":0,""op"":""sep_conv_7x7""},""branch_2"":{""input_state"":0,""op"":""sep_conv_3x3""}},{""branch_1"":{""input_state"":1,""op"":""avg_pool_3x3""},""branch_2"":{""input_state"":0,""op"":""sep_conv_7x7""}},{""branch_1"":{""input_state"":2,""op"":""conv_1x7_7x1""},""branch_2"":{""input_state"":2,""op"":""sep_conv_3x3""}},{""branch_1"":{""input_state"":0,""op"":""max_pool_3x3""},""branch_2"":{""input_state"":2,""op"":""sep_conv_3x3""}},{""branch_1"":{""input_state"":3,""op"":""sep_conv_3x3""},""branch_2"":{""input_state"":1,""op"":""sep_conv_3x3""}}]},""reduction"":{""pairs"":[{""branch_1"":{""input_state"":1,""op"":""sep_conv_7x7""},""branch_2"":{""input_state"":0,""op"":""sep_conv_7x7""}},{""branch_1"":{""input_state"":0,""op"":""dil_sep_conv_3x3""},""branch_2"":{""input_state"":0,""op"":""sep_conv_7x7""}},{""branch_1"":{""input_state"":0,""op"":""avg_pool_3x3""},""branch_2"":{""input_state"":0,""op"":""max_pool_3x3""}},{""branch_1"":{""input_state"":0,""op"":""sep_conv_3x3""},""branch_2"":{""input_state"":3,""op"":""sep_conv_7x7""}},{""branch_1"":{""input_state"":5,""op"":""sep_conv_7x7""},""branch_2"":{""input_state"":0,""op"":""avg_pool_3x3""}}]}}",2,"{""normal"":{""pairs"":[{""branch_1"":{""input_state"":0,""op"":""sep_conv_7x7""},""branch_2"":{""input_state"":0,""op"":""sep_conv_3x3""}},{""branch_1"":{""input_state"":1,""op"":""avg_pool_3x3""},""branch_2"":{""input_state"":0,""op"":""sep_conv_7x7""}},{""branch_1"":{""input_state"":2,""op"":""conv_1x7_7x1""},""branch_2"":{""input_state"":2,""op"":""sep_conv_3x3""}},{""branch_1"":{""input_state"":0,""op"":""conv_1x7_7x1""},""branch_2"":{""input_state"":2,""op"":""sep_conv_3x3""}},{""branch_1"":{""input_state"":3,""op"":""sep_conv_3x3""},""branch_2"":{""input_state"":1,""op"":""sep_conv_3x3""}}]},""reduction"":{""pairs"":[{""branch_1"":{""input_state"":1,""op"":""sep_conv_7x7""},""branch_2"":{""input_state"":0,""op"":""sep_conv_7x7""}},{""branch_1"":{""input_state"":0,""op"":""dil_sep_conv_3x3""},""branch_2"":{""input_state"":0,""op"":""sep_conv_7x7""}},{""branch_1"":{""input_state"":0,""op"":""avg_pool_3x3""},""branch_2"":{""input_state"":0,""op"":""max_pool_3x3""}},{""branch_1"":{""input_state"":0,""op"":""sep_conv_3x3""},""branch_2"":{""input_state"":3,""op"":""sep_conv_7x7""}},{""branch_1"":{""input_state"":5,""op"":""sep_conv_7x7""},""branch_2"":{""input_state"":0,""op"":""avg_pool_3x3""}}]}}",operation,0.502695620059967,0.1143956258893013,1.0,0.38830000162124634,False,24,5,0.00038936969940550625,9.89427135209553e-05,0.00029042697860859334
RS-SA-RE,2910,25,6,"{""normal"":{""pairs"":[{""branch_1"":{""input_state"":0,""op"":""sep_conv_7x7""},""branch_2"":{""input_state"":0,""op"":""sep_conv_3x3""}},{""branch_1"":{""input_state"":1,""op"":""avg_pool_3x3""},""branch_2"":{""input_state"":0,""op"":""sep_conv_7x7""}},{""branch_1"":{""input_state"":2,""op"":""conv_1x7_7x1""},""branch_2"":{""input_state"":2,""op"":""sep_conv_3x3""}},{""branch_1"":{""input_state"":0,""op"":""max_pool_3x3""},""branch_2"":{""input_state"":2,""op"":""sep_conv_3x3""}},{""branch_1"":{""input_state"":3,""op"":""sep_conv_3x3""},""branch_2"":{""input_state"":1,""op"":""sep_conv_3x3""}}]},""reduction"":{""pairs"":[{""branch_1"":{""input_state"":1,""op"":""sep_conv_7x7""},""branch_2"":{""input_state"":0,""op"":""sep_conv_7x7""}},{""branch_1"":{""input_state"":0,""op"":""dil_sep_conv_3x3""},""branch_2"":{""input_state"":0,""op"":""sep_conv_7x7""}},{""branch_1"":{""input_state"":0,""op"":""avg_pool_3x3""},""branch_2"":{""input_state"":0,""op"":""max_pool_3x3""}},{""branch_1"":{""input_state"":0,""op"":""sep_conv_3x3""},""branch_2"":{""input_state"":3,""op"":""sep_conv_7x7""}},{""branch_1"":{""input_state"":5,""op"":""sep_conv_7x7""},""branch_2"":{""input_state"":0,""op"":""avg_pool_3x3""}}]}}",3,"{""normal"":{""pairs"":[{""branch_1"":{""input_state"":0,""op"":""sep_conv_7x7""},""branch_2"":{""input_state"":0,""op"":""sep_conv_3x3""}},{""branch_1"":{""input_state"":1,""op"":""avg_pool_3x3""},""branch_2"":{""input_state"":0,""op"":""sep_conv_7x7""}},{""branch_1"":{""input_state"":2,""op"":""conv_1x7_7x1""},""branch_2"":{""input_state"":2,""op"":""sep_conv_3x3""}},{""branch_1"":{""input_state"":0,""op"":""max_pool_3x3""},""branch_2"":{""input_state"":2,""op"":""sep_conv_3x3""}},{""branch_1"":{""input_state"":3,""op"":""sep_conv_3x3""},""branch_2"":{""input_state"":1,""op"":""sep_conv_3x3""}}]},""reduction"":{""pairs"":[{""branch_1"":{""input_state"":1,""op"":""sep_conv_7x7""},""branch_2"":{""input_state"":0,""op"":""sep_conv_7x7""}},{""branch_1"":{""input_state"":0,""op"":""dil_sep_conv_3x3""},""branch_2"":{""input_state"":0,""op"":""sep_conv_7x7""}},{""branch_1"":{""input_state"":0,""op"":""avg_pool_3x3""},""branch_2"":{""input_state"":0,""op"":""max_pool_3x3""}},{""branch_1"":{""input_state"":0,""op"":""identity""},""branch_2"":{""input_state"":3,""op"":""sep_conv_7x7""}},{""branch_1"":{""input_state"":5,""op"":""sep_conv_7x7""},""branch_2"":{""input_state"":0,""op"":""avg_pool_3x3""}}]}}",operation,0.5037891864776611,0.11001509428024292,1.0,0.3937740921974182,False,24,5,0.00038936969940550625,9.89427135209553e-05,0.00029042697860859334
RS-SA-RE,2910,25,6,"{""normal"":{""pairs"":[{""branch_1"":{""input_state"":0,""op"":""sep_conv_7x7""},""branch_2"":{""input_state"":0,""op"":""sep_conv_3x3""}},{""branch_1"":{""input_state"":1,""op"":""avg_pool_3x3""},""branch_2"":{""input_state"":0,""op"":""sep_conv_7x7""}},{""branch_1"":{""input_state"":2,""op"":""conv_1x7_7x1""},""branch_2"":{""input_state"":2,""op"":""sep_conv_3x3""}},{""branch_1"":{""input_state"":0,""op"":""max_pool_3x3""},""branch_2"":{""input_state"":2,""op"":""sep_conv_3x3""}},{""branch_1"":{""input_state"":3,""op"":""sep_conv_3x3""},""branch_2"":{""input_state"":1,""op"":""sep_conv_3x3""}}]},""reduction"":{""pairs"":[{""branch_1"":{""input_state"":1,""op"":""sep_conv_7x7""},""branch_2"":{""input_state"":0,""op"":""sep_conv_7x7""}},{""branch_1"":{""input_state"":0,""op"":""dil_sep_conv_3x3""},""branch_2"":{""input_state"":0,""op"":""sep_conv_7x7""}},{""branch_1"":{""input_state"":0,""op"":""avg_pool_3x3""},""branch_2"":{""input_state"":0,""op"":""max_pool_3x3""}},{""branch_1"":{""input_state"":0,""op"":""sep_conv_3x3""},""branch_2"":{""input_state"":3,""op"":""sep_conv_7x7""}},{""branch_1"":{""input_state"":5,""op"":""sep_conv_7x7""},""branch_2"":{""input_state"":0,""op"":""avg_pool_3x3""}}]}}",4,"{""normal"":{""pairs"":[{""branch_1"":{""input_state"":0,""op"":""sep_conv_7x7""},""branch_2"":{""input_state"":0,""op"":""sep_conv_3x3""}},{""branch_1"":{""input_state"":1,""op"":""avg_pool_3x3""},""branch_2"":{""input_state"":0,""op"":""sep_conv_7x7""}},{""branch_1"":{""input_state"":2,""op"":""conv_1x7_7x1""},""branch_2"":{""input_state"":2,""op"":""sep_conv_3x3""}},{""branch_1"":{""input_state"":0,""op"":""max_pool_3x3""},""branch_2"":{""input_state"":2,""op"":""sep_conv_3x3""}},{""branch_1"":{""input_state"":3,""op"":""sep_conv_3x3""},""branch_2"":{""input_state"":1,""op"":""sep_conv_3x3""}}]},""reduction"":{""pairs"":[{""branch_1"":{""input_state"":1,""op"":""sep_conv_7x7""},""branch_2"":{""input_state"":0,""op"":""sep_conv_7x7""}},{""branch_1"":{""input_state"":0,""op"":""dil_sep_conv_3x3""},""branch_2"":{""input_state"":0,""op"":""sep_conv_7x7""}},{""branch_1"":{""input_state"":0,""op"":""avg_pool_3x3""},""branch_2"":{""input_state"":0,""op"":""max_pool_3x3""}},{""branch_1"":{""input_state"":0,""op"":""sep_conv_3x3""},""branch_2"":{""input_state"":3,""op"":""sep_conv_7x7""}},{""branch_1"":{""input_state"":5,""op"":""sep_conv_7x7""},""branch_2"":{""input_state"":0,""op"":""dil_sep_conv_3x3""}}]}}",operation,0.4932278096675873,0.10640919953584671,1.0,0.38681861758232117,False,24,5,0.00038936969940550625,9.89427135209553e-05,0.00029042697860859334
