method,search_seed,budget_index,budget,event_type,phase,base_evaluation_index,training_seed,architecture,parent_architecture,mutation_type,population_inserted,fitness,final_val_accuracy,observed_final_val_accuracy,best_val_accuracy,parameter_count,training_time,population_age_order,predicted_mu_before_training,predicted_d_before_training,lambda,score,selected_candidate_index,surrogate_training_size,paired_label_count,surrogate_training_loss
RS-SA-RE,2910,1,30,first_evaluation,initialization,1,20260827,"{""normal"":{""pairs"":[{""branch_1"":{""input_state"":0,""op"":""avg_pool_3x3""},""branch_2"":{""input_state"":0,""op"":""identity""}},{""branch_1"":{""input_state"":0,""op"":""max_pool_3x3""},""branch_2"":{""input_state"":0,""op"":""sep_conv_5x5""}},{""branch_1"":{""input_state"":3,""op"":""avg_pool_3x3""},""branch_2"":{""input_state"":2,""op"":""avg_pool_3x3""}},{""branch_1"":{""input_state"":0,""op"":""max_pool_3x3""},""branch_2"":{""input_state"":4,""op"":""conv_1x7_7x1""}},{""branch_1"":{""input_state"":3,""op"":""sep_conv_5x5""},""branch_2"":{""input_state"":5,""op"":""sep_conv_5x5""}}]},""reduction"":{""pairs"":[{""branch_1"":{""input_state"":1,""op"":""avg_pool_3x3""},""branch_2"":{""input_state"":0,""op"":""sep_conv_3x3""}},{""branch_1"":{""input_state"":2,""op"":""sep_conv_7x7""},""branch_2"":{""input_state"":2,""op"":""identity""}},{""branch_1"":{""input_state"":1,""op"":""identity""},""branch_2"":{""input_state"":1,""op"":""avg_pool_3x3""}},{""branch_1"":{""input_state"":1,""op"":""sep_conv_3x3""},""branch_2"":{""input_state"":0,""op"":""identity""}},{""branch_1"":{""input_state"":0,""op"":""max_pool_3x3""},""branch_2"":{""input_state"":2,""op"":""max_pool_3x3""}}]}}",,random_initialization,True,0.5024,0.5024,0.5024,0.5024,664078,38.112095500007854,"{""ages_in_first_evaluations"":[0],""oldest_to_youngest_evaluation_indices"":[1]}",,,,,,,,
RS-SA-RE,2910,2,30,first_evaluation,initialization,2,20260828,"{""normal"":{""pairs"":[{""branch_1"":{""input_state"":0,""op"":""dil_sep_conv_3x3""},""branch_2"":{""input_state"":0,""op"":""identity""}},{""branch_1"":{""input_state"":2,""op"":""conv_1x7_7x1""},""branch_2"":{""input_state"":1,""op"":""sep_conv_7x7""}},{""branch_1"":{""input_state"":1,""op"":""sep_conv_5x5""},""branch_2"":{""input_state"":2,""op"":""sep_conv_3x3""}},{""branch_1"":{""input_state"":1,""op"":""sep_conv_3x3""},""branch_2"":{""input_state"":1,""op"":""sep_conv_3x3""}},{""branch_1"":{""input_state"":4,""op"":""sep_conv_3x3""},""branch_2"":{""input_state"":2,""op"":""dil_sep_conv_3x3""}}]},""reduction"":{""pairs"":[{""branch_1"":{""input_state"":1,""op"":""identity""},""branch_2"":{""input_state"":1,""op"":""identity""}},{""branch_1"":{""input_state"":2,""op"":""sep_conv_5x5""},""branch_2"":{""input_state"":2,""op"":""identity""}},{""branch_1"":{""input_state"":1,""op"":""max_pool_3x3""},""branch_2"":{""input_state"":2,""op"":""sep_conv_5x5""}},{""branch_1"":{""input_state"":3,""op"":""sep_conv_3x3""},""branch_2"":{""input_state"":1,""op"":""dil_sep_conv_3x3""}},{""branch_1"":{""input_state"":4,""op"":""sep_conv_3x3""},""branch_2"":{""input_state"":1,""op"":""sep_conv_7x7""}}]}}",,random_initialization,True,0.3556,0.3556,0.3556,0.3556,1233406,47.15183060000709,"{""ages_in_first_evaluations"":[1,0],""oldest_to_youngest_evaluation_indices"":[1,2]}",,,,,,,,
RS-SA-RE,2910,3,30,first_evaluation,initialization,3,20260829,"{""normal"":{""pairs"":[{""branch_1"":{""input_state"":0,""op"":""avg_pool_3x3""},""branch_2"":{""input_state"":0,""op"":""identity""}},{""branch_1"":{""input_state"":0,""op"":""sep_conv_7x7""},""branch_2"":{""input_state"":0,""op"":""sep_conv_3x3""}},{""branch_1"":{""input_state"":2,""op"":""dil_sep_conv_3x3""},""branch_2"":{""input_state"":3,""op"":""sep_conv_7x7""}},{""branch_1"":{""input_state"":0,""op"":""sep_conv_7x7""},""branch_2"":{""input_state"":1,""op"":""conv_1x7_7x1""}},{""branch_1"":{""input_state"":1,""op"":""sep_conv_5x5""},""branch_2"":{""input_state"":5,""op"":""avg_pool_3x3""}}]},""reduction"":{""pairs"":[{""branch_1"":{""input_state"":0,""op"":""avg_pool_3x3""},""branch_2"":{""input_state"":0,""op"":""sep_conv_3x3""}},{""branch_1"":{""input_state"":2,""op"":""sep_conv_5x5""},""branch_2"":{""input_state"":1,""op"":""sep_conv_7x7""}},{""branch_1"":{""input_state"":0,""op"":""conv_1x7_7x1""},""branch_2"":{""input_state"":1,""op"":""max_pool_3x3""}},{""branch_1"":{""input_state"":1,""op"":""dil_sep_conv_3x3""},""branch_2"":{""input_state"":2,""op"":""avg_pool_3x3""}},{""branch_1"":{""input_state"":1,""op"":""sep_conv_3x3""},""branch_2"":{""input_state"":1,""op"":""avg_pool_3x3""}}]}}",,random_initialization,True,0.4688,0.4688,0.4688,0.4688,1053526,45.535703099987586,"{""ages_in_first_evaluations"":[2,1,0],""oldest_to_youngest_evaluation_indices"":[1,2,3]}",,,,,,,,
RS-SA-RE,2910,4,30,first_evaluation,initialization,4,20260830,"{""normal"":{""pairs"":[{""branch_1"":{""input_state"":1,""op"":""conv_1x7_7x1""},""branch_2"":{""input_state"":0,""op"":""sep_conv_7x7""}},{""branch_1"":{""input_state"":2,""op"":""identity""},""branch_2"":{""input_state"":1,""op"":""max_pool_3x3""}},{""branch_1"":{""input_state"":3,""op"":""sep_conv_3x3""},""branch_2"":{""input_state"":2,""op"":""identity""}},{""branch_1"":{""input_state"":0,""op"":""sep_conv_7x7""},""branch_2"":{""input_state"":3,""op"":""sep_conv_7x7""}},{""branch_1"":{""input_state"":0,""op"":""dil_sep_conv_3x3""},""branch_2"":{""input_state"":5,""op"":""identity""}}]},""reduction"":{""pairs"":[{""branch_1"":{""input_state"":1,""op"":""sep_conv_5x5""},""branch_2"":{""input_state"":0,""op"":""sep_conv_3x3""}},{""branch_1"":{""input_state"":0,""op"":""sep_conv_7x7""},""branch_2"":{""input_state"":0,""op"":""avg_pool_3x3""}},{""branch_1"":{""input_state"":3,""op"":""dil_sep_conv_3x3""},""branch_2"":{""input_state"":0,""op"":""conv_1x7_7x1""}},{""branch_1"":{""input_state"":1,""op"":""sep_conv_7x7""},""branch_2"":{""input_state"":2,""op"":""sep_conv_3x3""}},{""branch_1"":{""input_state"":2,""op"":""dil_sep_conv_3x3""},""branch_2"":{""input_state"":3,""op"":""sep_conv_7x7""}}]}}",,random_initialization,True,0.4298,0.4298,0.4298,0.4298,1032358,44.247341700000106,"{""ages_in_first_evaluations"":[3,2,1,0],""oldest_to_youngest_evaluation_indices"":[1,2,3,4]}",,,,,,,,
RS-SA-RE,2910,5,30,first_evaluation,initialization,5,20260831,"{""normal"":{""pairs"":[{""branch_1"":{""input_state"":1,""op"":""avg_pool_3x3""},""branch_2"":{""input_state"":1,""op"":""dil_sep_conv_3x3""}},{""branch_1"":{""input_state"":2,""op"":""sep_conv_7x7""},""branch_2"":{""input_state"":2,""op"":""conv_1x7_7x1""}},{""branch_1"":{""input_state"":3,""op"":""sep_conv_3x3""},""branch_2"":{""input_state"":0,""op"":""sep_conv_3x3""}},{""branch_1"":{""input_state"":2,""op"":""conv_1x7_7x1""},""branch_2"":{""input_state"":1,""op"":""avg_pool_3x3""}},{""branch_1"":{""input_state"":4,""op"":""sep_conv_7x7""},""branch_2"":{""input_state"":5,""op"":""conv_1x7_7x1""}}]},""reduction"":{""pairs"":[{""branch_1"":{""input_state"":0,""op"":""sep_conv_5x5""},""branch_2"":{""input_state"":0,""op"":""identity""}},{""branch_1"":{""input_state"":1,""op"":""dil_sep_conv_3x3""},""branch_2"":{""input_state"":0,""op"":""dil_sep_conv_3x3""}},{""branch_1"":{""input_state"":3,""op"":""sep_conv_7x7""},""branch_2"":{""input_state"":1,""op"":""identity""}},{""branch_1"":{""input_state"":2,""op"":""sep_conv_7x7""},""branch_2"":{""input_state"":3,""op"":""sep_conv_3x3""}},{""branch_1"":{""input_state"":3,""op"":""sep_conv_7x7""},""branch_2"":{""input_state"":2,""op"":""sep_conv_3x3""}}]}}",,random_initialization,True,0.2576,0.2576,0.2576,0.2576,1047478,48.76779540001007,"{""ages_in_first_evaluations"":[4,3,2,1,0],""oldest_to_youngest_evaluation_indices"":[1,2,3,4,5]}",,,,,,,,
RS-SA-RE,2910,6,30,first_evaluation,initialization,6,20260832,"{""normal"":{""pairs"":[{""branch_1"":{""input_state"":0,""op"":""sep_conv_7x7""},""branch_2"":{""input_state"":0,""op"":""sep_conv_3x3""}},{""branch_1"":{""input_state"":1,""op"":""avg_pool_3x3""},""branch_2"":{""input_state"":0,""op"":""sep_conv_7x7""}},{""branch_1"":{""input_state"":2,""op"":""conv_1x7_7x1""},""branch_2"":{""input_state"":2,""op"":""sep_conv_3x3""}},{""branch_1"":{""input_state"":0,""op"":""max_pool_3x3""},""branch_2"":{""input_state"":2,""op"":""sep_conv_3x3""}},{""branch_1"":{""input_state"":3,""op"":""sep_conv_3x3""},""branch_2"":{""input_state"":1,""op"":""sep_conv_3x3""}}]},""reduction"":{""pairs"":[{""branch_1"":{""input_state"":1,""op"":""sep_conv_7x7""},""branch_2"":{""input_state"":0,""op"":""sep_conv_7x7""}},{""branch_1"":{""input_state"":0,""op"":""dil_sep_conv_3x3""},""branch_2"":{""input_state"":0,""op"":""sep_conv_7x7""}},{""branch_1"":{""input_state"":0,""op"":""avg_pool_3x3""},""branch_2"":{""input_state"":0,""op"":""max_pool_3x3""}},{""branch_1"":{""input_state"":0,""op"":""sep_conv_3x3""},""branch_2"":{""input_state"":3,""op"":""sep_conv_7x7""}},{""branch_1"":{""input_state"":5,""op"":""sep_conv_7x7""},""branch_2"":{""input_state"":0,""op"":""avg_pool_3x3""}}]}}",,random_initialization,True,0.5188,0.5188,0.5188,0.5188,1201582,47.46759159999783,"{""ages_in_first_evaluations"":[5,4,3,2,1,0],""oldest_to_youngest_evaluation_indices"":[1,2,3,4,5,6]}",,,,,,,,
RS-SA-RE,2910,7,30,first_evaluation,initialization,7,20260833,"{""normal"":{""pairs"":[{""branch_1"":{""input_state"":0,""op"":""sep_conv_5x5""},""branch_2"":{""input_state"":1,""op"":""sep_conv_3x3""}},{""branch_1"":{""input_state"":1,""op"":""sep_conv_7x7""},""branch_2"":{""input_state"":2,""op"":""dil_sep_conv_3x3""}},{""branch_1"":{""input_state"":2,""op"":""sep_conv_3x3""},""branch_2"":{""input_state"":1,""op"":""sep_conv_3x3""}},{""branch_1"":{""input_state"":4,""op"":""sep_conv_3x3""},""branch_2"":{""input_state"":4,""op"":""identity""}},{""branch_1"":{""input_state"":2,""op"":""max_pool_3x3""},""branch_2"":{""input_state"":2,""op"":""sep_conv_5x5""}}]},""reduction"":{""pairs"":[{""branch_1"":{""input_state"":0,""op"":""avg_pool_3x3""},""branch_2"":{""input_state"":1,""op"":""max_pool_3x3""}},{""branch_1"":{""input_state"":2,""op"":""avg_pool_3x3""},""branch_2"":{""input_state"":2,""op"":""identity""}},{""branch_1"":{""input_state"":2,""op"":""conv_1x7_7x1""},""branch_2"":{""input_state"":0,""op"":""dil_sep_conv_3x3""}},{""branch_1"":{""input_state"":0,""op"":""avg_pool_3x3""},""branch_2"":{""input_state"":1,""op"":""sep_conv_3x3""}},{""branch_1"":{""input_state"":1,""op"":""identity""},""branch_2"":{""input_state"":2,""op"":""dil_sep_conv_3x3""}}]}}",,random_initialization,True,0.4178,0.4178,0.4178,0.4178,1114282,42.93576029999531,"{""ages_in_first_evaluations"":[6,5,4,3,2,1,0],""oldest_to_youngest_evaluation_indices"":[1,2,3,4,5,6,7]}",,,,,,,,
RS-SA-RE,2910,8,30,first_evaluation,initialization,8,20260834,"{""normal"":{""pairs"":[{""branch_1"":{""input_state"":0,""op"":""dil_sep_conv_3x3""},""branch_2"":{""input_state"":0,""op"":""identity""}},{""branch_1"":{""input_state"":2,""op"":""max_pool_3x3""},""branch_2"":{""input_state"":0,""op"":""sep_conv_5x5""}},{""branch_1"":{""input_state"":3,""op"":""sep_conv_5x5""},""branch_2"":{""input_state"":2,""op"":""identity""}},{""branch_1"":{""input_state"":4,""op"":""conv_1x7_7x1""},""branch_2"":{""input_state"":0,""op"":""avg_pool_3x3""}},{""branch_1"":{""input_state"":3,""op"":""dil_sep_conv_3x3""},""branch_2"":{""input_state"":1,""op"":""sep_conv_5x5""}}]},""reduction"":{""pairs"":[{""branch_1"":{""input_state"":0,""op"":""sep_conv_7x7""},""branch_2"":{""input_state"":0,""op"":""max_pool_3x3""}},{""branch_1"":{""input_state"":1,""op"":""identity""},""branch_2"":{""input_state"":2,""op"":""max_pool_3x3""}},{""branch_1"":{""input_state"":1,""op"":""conv_1x7_7x1""},""branch_2"":{""input_state"":0,""op"":""identity""}},{""branch_1"":{""input_state"":4,""op"":""max_pool_3x3""},""branch_2"":{""input_state"":0,""op"":""avg_pool_3x3""}},{""branch_1"":{""input_state"":3,""op"":""identity""},""branch_2"":{""input_state"":5,""op"":""conv_1x7_7x1""}}]}}",,random_initialization,True,0.4648,0.4648,0.4648,0.4648,730750,39.49388409999665,"{""ages_in_first_evaluations"":[7,6,5,4,3,2,1,0],""oldest_to_youngest_evaluation_indices"":[1,2,3,4,5,6,7,8]}",,,,,,,,
RS-SA-RE,2910,9,30,first_evaluation,initialization,9,20260835,"{""normal"":{""pairs"":[{""branch_1"":{""input_state"":0,""op"":""sep_conv_3x3""},""branch_2"":{""input_state"":1,""op"":""sep_conv_5x5""}},{""branch_1"":{""input_state"":1,""op"":""dil_sep_conv_3x3""},""branch_2"":{""input_state"":0,""op"":""conv_1x7_7x1""}},{""branch_1"":{""input_state"":1,""op"":""dil_sep_conv_3x3""},""branch_2"":{""input_state"":3,""op"":""sep_conv_7x7""}},{""branch_1"":{""input_state"":1,""op"":""max_pool_3x3""},""branch_2"":{""input_state"":1,""op"":""identity""}},{""branch_1"":{""input_state"":4,""op"":""sep_conv_7x7""},""branch_2"":{""input_state"":4,""op"":""sep_conv_5x5""}}]},""reduction"":{""pairs"":[{""branch_1"":{""input_state"":0,""op"":""max_pool_3x3""},""branch_2"":{""input_state"":1,""op"":""sep_conv_7x7""}},{""branch_1"":{""input_state"":2,""op"":""conv_1x7_7x1""},""branch_2"":{""input_state"":1,""op"":""avg_pool_3x3""}},{""branch_1"":{""input_state"":1,""op"":""max_pool_3x3""},""branch_2"":{""input_state"":0,""op"":""sep_conv_5x5""}},{""branch_1"":{""input_state"":2,""op"":""max_pool_3x3""},""branch_2"":{""input_state"":1,""op"":""avg_pool_3x3""}},{""branch_1"":{""input_state"":1,""op"":""conv_1x7_7x1""},""branch_2"":{""input_state"":4,""op"":""sep_conv_7x7""}}]}}",,random_initialization,True,0.4426,0.4426,0.4426,0.4426,1131742,48.23826420000114,"{""ages_in_first_evaluations"":[8,7,6,5,4,3,2,1,0],""oldest_to_youngest_evaluation_indices"":[1,2,3,4,5,6,7,8,9]}",,,,,,,,
RS-SA-RE,2910,10,30,first_evaluation,initialization,10,20260836,"{""normal"":{""pairs"":[{""branch_1"":{""input_state"":1,""op"":""sep_conv_3x3""},""branch_2"":{""input_state"":1,""op"":""sep_conv_7x7""}},{""branch_1"":{""input_state"":2,""op"":""avg_pool_3x3""},""branch_2"":{""input_state"":0,""op"":""max_pool_3x3""}},{""branch_1"":{""input_state"":3,""op"":""max_pool_3x3""},""branch_2"":{""input_state"":3,""op"":""sep_conv_7x7""}},{""branch_1"":{""input_state"":2,""op"":""sep_conv_3x3""},""branch_2"":{""input_state"":3,""op"":""dil_sep_conv_3x3""}},{""branch_1"":{""input_state"":1,""op"":""sep_conv_5x5""},""branch_2"":{""input_state"":2,""op"":""conv_1x7_7x1""}}]},""reduction"":{""pairs"":[{""branch_1"":{""input_state"":0,""op"":""conv_1x7_7x1""},""branch_2"":{""input_state"":0,""op"":""sep_conv_7x7""}},{""branch_1"":{""input_state"":2,""op"":""sep_conv_5x5""},""branch_2"":{""input_state"":2,""op"":""max_pool_3x3""}},{""branch_1"":{""input_state"":0,""op"":""sep_conv_3x3""},""branch_2"":{""input_state"":0,""op"":""conv_1x7_7x1""}},{""branch_1"":{""input_state"":2,""op"":""max_pool_3x3""},""branch_2"":{""input_state"":1,""op"":""max_pool_3x3""}},{""branch_1"":{""input_state"":5,""op"":""sep_conv_7x7""},""branch_2"":{""input_state"":4,""op"":""sep_conv_5x5""}}]}}",,random_initialization,True,0.4326,0.4326,0.4326,0.4326,1065934,45.32318199999281,"{""ages_in_first_evaluations"":[9,8,7,6,5,4,3,2,1,0],""oldest_to_youngest_evaluation_indices"":[1,2,3,4,5,6,7,8,9,10]}",,,,,,,,
RS-SA-RE,2910,11,30,first_evaluation,initialization,11,20260837,"{""normal"":{""pairs"":[{""branch_1"":{""input_state"":0,""op"":""avg_pool_3x3""},""branch_2"":{""input_state"":1,""op"":""avg_pool_3x3""}},{""branch_1"":{""input_state"":2,""op"":""sep_conv_5x5""},""branch_2"":{""input_state"":1,""op"":""dil_sep_conv_3x3""}},{""branch_1"":{""input_state"":0,""op"":""sep_conv_5x5""},""branch_2"":{""input_state"":2,""op"":""sep_conv_5x5""}},{""branch_1"":{""input_state"":3,""op"":""sep_conv_3x3""},""branch_2"":{""input_state"":2,""op"":""max_pool_3x3""}},{""branch_1"":{""input_state"":0,""op"":""max_pool_3x3""},""branch_2"":{""input_state"":3,""op"":""sep_conv_5x5""}}]},""reduction"":{""pairs"":[{""branch_1"":{""input_state"":0,""op"":""sep_conv_3x3""},""branch_2"":{""input_state"":0,""op"":""conv_1x7_7x1""}},{""branch_1"":{""input_state"":1,""op"":""sep_conv_5x5""},""branch_2"":{""input_state"":0,""op"":""conv_1x7_7x1""}},{""branch_1"":{""input_state"":1,""op"":""dil_sep_conv_3x3""},""branch_2"":{""input_state"":2,""op"":""avg_pool_3x3""}},{""branch_1"":{""input_state"":3,""op"":""sep_conv_5x5""},""branch_2"":{""input_state"":2,""op"":""sep_conv_5x5""}},{""branch_1"":{""input_state"":4,""op"":""dil_sep_conv_3x3""},""branch_2"":{""input_state"":3,""op"":""sep_conv_7x7""}}]}}",,random_initialization,True,0.5098,0.5098,0.5098,0.5098,1027522,41.50065770000219,"{""ages_in_first_evaluations"":[10,9,8,7,6,5,4,3,2,1,0],""oldest_to_youngest_evaluation_indices"":[1,2,3,4,5,6,7,8,9,10,11]}",,,,,,,,
RS-SA-RE,2910,12,30,first_evaluation,initialization,12,20260838,"{""normal"":{""pairs"":[{""branch_1"":{""input_state"":1,""op"":""max_pool_3x3""},""branch_2"":{""input_state"":0,""op"":""sep_conv_5x5""}},{""branch_1"":{""input_state"":0,""op"":""sep_conv_5x5""},""branch_2"":{""input_state"":1,""op"":""conv_1x7_7x1""}},{""branch_1"":{""input_state"":2,""op"":""dil_sep_conv_3x3""},""branch_2"":{""input_state"":1,""op"":""avg_pool_3x3""}},{""branch_1"":{""input_state"":3,""op"":""max_pool_3x3""},""branch_2"":{""input_state"":1,""op"":""conv_1x7_7x1""}},{""branch_1"":{""input_state"":4,""op"":""avg_pool_3x3""},""branch_2"":{""input_state"":0,""op"":""dil_sep_conv_3x3""}}]},""reduction"":{""pairs"":[{""branch_1"":{""input_state"":1,""op"":""sep_conv_5x5""},""branch_2"":{""input_state"":0,""op"":""sep_conv_3x3""}},{""branch_1"":{""input_state"":2,""op"":""sep_conv_7x7""},""branch_2"":{""input_state"":2,""op"":""sep_conv_7x7""}},{""branch_1"":{""input_state"":1,""op"":""avg_pool_3x3""},""branch_2"":{""input_state"":2,""op"":""identity""}},{""branch_1"":{""input_state"":2,""op"":""avg_pool_3x3""},""branch_2"":{""input_state"":2,""op"":""max_pool_3x3""}},{""branch_1"":{""input_state"":4,""op"":""sep_conv_7x7""},""branch_2"":{""input_state"":0,""op"":""sep_conv_5x5""}}]}}",,random_initialization,True,0.4284,0.4284,0.4284,0.4284,847498,41.5932979999925,"{""ages_in_first_evaluations"":[11,10,9,8,7,6,5,4,3,2,1,0],""oldest_to_youngest_evaluation_indices"":[1,2,3,4,5,6,7,8,9,10,11,12]}",,,,,,,,
RS-SA-RE,2910,13,30,first_evaluation,initialization,13,20260839,"{""normal"":{""pairs"":[{""branch_1"":{""input_state"":0,""op"":""sep_conv_3x3""},""branch_2"":{""input_state"":1,""op"":""conv_1x7_7x1""}},{""branch_1"":{""input_state"":0,""op"":""sep_conv_5x5""},""branch_2"":{""input_state"":2,""op"":""max_pool_3x3""}},{""branch_1"":{""input_state"":0,""op"":""sep_conv_3x3""},""branch_2"":{""input_state"":1,""op"":""conv_1x7_7x1""}},{""branch_1"":{""input_state"":4,""op"":""dil_sep_conv_3x3""},""branch_2"":{""input_state"":3,""op"":""sep_conv_7x7""}},{""branch_1"":{""input_state"":2,""op"":""identity""},""branch_2"":{""input_state"":5,""op"":""sep_conv_5x5""}}]},""reduction"":{""pairs"":[{""branch_1"":{""input_state"":0,""op"":""sep_conv_7x7""},""branch_2"":{""input_state"":0,""op"":""max_pool_3x3""}},{""branch_1"":{""input_state"":2,""op"":""identity""},""branch_2"":{""input_state"":0,""op"":""dil_sep_conv_3x3""}},{""branch_1"":{""input_state"":0,""op"":""sep_conv_5x5""},""branch_2"":{""input_state"":3,""op"":""dil_sep_conv_3x3""}},{""branch_1"":{""input_state"":4,""op"":""avg_pool_3x3""},""branch_2"":{""input_state"":1,""op"":""sep_conv_7x7""}},{""branch_1"":{""input_state"":5,""op"":""identity""},""branch_2"":{""input_state"":2,""op"":""sep_conv_3x3""}}]}}",,random_initialization,True,0.3778,0.3778,0.3778,0.3778,925978,45.33537790000264,"{""ages_in_first_evaluations"":[12,11,10,9,8,7,6,5,4,3,2,1,0],""oldest_to_youngest_evaluation_indices"":[1,2,3,4,5,6,7,8,9,10,11,12,13]}",,,,,,,,
RS-SA-RE,2910,14,30,first_evaluation,initialization,14,20260840,"{""normal"":{""pairs"":[{""branch_1"":{""input_state"":1,""op"":""identity""},""branch_2"":{""input_state"":1,""op"":""sep_conv_5x5""}},{""branch_1"":{""input_state"":2,""op"":""sep_conv_3x3""},""branch_2"":{""input_state"":2,""op"":""sep_conv_7x7""}},{""branch_1"":{""input_state"":1,""op"":""sep_conv_3x3""},""branch_2"":{""input_state"":3,""op"":""avg_pool_3x3""}},{""branch_1"":{""input_state"":2,""op"":""identity""},""branch_2"":{""input_state"":0,""op"":""avg_pool_3x3""}},{""branch_1"":{""input_state"":4,""op"":""avg_pool_3x3""},""branch_2"":{""input_state"":5,""op"":""identity""}}]},""reduction"":{""pairs"":[{""branch_1"":{""input_state"":0,""op"":""sep_conv_5x5""},""branch_2"":{""input_state"":0,""op"":""sep_conv_3x3""}},{""branch_1"":{""input_state"":1,""op"":""conv_1x7_7x1""},""branch_2"":{""input_state"":2,""op"":""conv_1x7_7x1""}},{""branch_1"":{""input_state"":1,""op"":""avg_pool_3x3""},""branch_2"":{""input_state"":0,""op"":""conv_1x7_7x1""}},{""branch_1"":{""input_state"":0,""op"":""max_pool_3x3""},""branch_2"":{""input_state"":1,""op"":""sep_conv_7x7""}},{""branch_1"":{""input_state"":1,""op"":""max_pool_3x3""},""branch_2"":{""input_state"":5,""op"":""avg_pool_3x3""}}]}}",,random_initialization,True,0.507,0.507,0.507,0.507,655978,35.934497899987036,"{""ages_in_first_evaluations"":[13,12,11,10,9,8,7,6,5,4,3,2,1,0],""oldest_to_youngest_evaluation_indices"":[1,2,3,4,5,6,7,8,9,10,11,12,13,14]}",,,,,,,,
RS-SA-RE,2910,15,30,first_evaluation,initialization,15,20260841,"{""normal"":{""pairs"":[{""branch_1"":{""input_state"":1,""op"":""avg_pool_3x3""},""branch_2"":{""input_state"":0,""op"":""avg_pool_3x3""}},{""branch_1"":{""input_state"":0,""op"":""sep_conv_7x7""},""branch_2"":{""input_state"":1,""op"":""conv_1x7_7x1""}},{""branch_1"":{""input_state"":3,""op"":""sep_conv_5x5""},""branch_2"":{""input_state"":2,""op"":""sep_conv_5x5""}},{""branch_1"":{""input_state"":3,""op"":""max_pool_3x3""},""branch_2"":{""input_state"":3,""op"":""dil_sep_conv_3x3""}},{""branch_1"":{""input_state"":4,""op"":""identity""},""branch_2"":{""input_state"":3,""op"":""sep_conv_7x7""}}]},""reduction"":{""pairs"":[{""branch_1"":{""input_state"":1,""op"":""conv_1x7_7x1""},""branch_2"":{""input_state"":0,""op"":""dil_sep_conv_3x3""}},{""branch_1"":{""input_state"":1,""op"":""sep_conv_5x5""},""branch_2"":{""input_state"":1,""op"":""avg_pool_3x3""}},{""branch_1"":{""input_state"":2,""op"":""max_pool_3x3""},""branch_2"":{""input_state"":1,""op"":""sep_conv_5x5""}},{""branch_1"":{""input_state"":2,""op"":""sep_conv_5x5""},""branch_2"":{""input_state"":2,""op"":""sep_conv_5x5""}},{""branch_1"":{""input_state"":5,""op"":""sep_conv_7x7""},""branch_2"":{""input_state"":0,""op"":""conv_1x7_7x1""}}]}}",,random_initialization,True,0.3592,0.3592,0.3592,0.3592,979006,43.86904649999633,"{""ages_in_first_evaluations"":[14,13,12,11,10,9,8,7,6,5,4,3,2,1,0],""oldest_to_youngest_evaluation_indices"":[1,2,3,4,5,6,7,8,9,10,11,12,13,14,15]}",,,,,,,,
RS-SA-RE,2910,16,30,first_evaluation,initialization,16,20260842,"{""normal"":{""pairs"":[{""branch_1"":{""input_state"":1,""op"":""sep_conv_3x3""},""branch_2"":{""input_state"":1,""op"":""sep_conv_7x7""}},{""branch_1"":{""input_state"":2,""op"":""sep_conv_3x3""},""branch_2"":{""input_state"":2,""op"":""dil_sep_conv_3x3""}},{""branch_1"":{""input_state"":3,""op"":""conv_1x7_7x1""},""branch_2"":{""input_state"":1,""op"":""sep_conv_3x3""}},{""branch_1"":{""input_state"":3,""op"":""avg_pool_3x3""},""branch_2"":{""input_state"":2,""op"":""sep_conv_7x7""}},{""branch_1"":{""input_state"":0,""op"":""sep_conv_5x5""},""branch_2"":{""input_state"":0,""op"":""dil_sep_conv_3x3""}}]},""reduction"":{""pairs"":[{""branch_1"":{""input_state"":0,""op"":""avg_pool_3x3""},""branch_2"":{""input_state"":0,""op"":""sep_conv_3x3""}},{""branch_1"":{""input_state"":2,""op"":""identity""},""branch_2"":{""input_state"":0,""op"":""conv_1x7_7x1""}},{""branch_1"":{""input_state"":1,""op"":""avg_pool_3x3""},""branch_2"":{""input_state"":1,""op"":""dil_sep_conv_3x3""}},{""branch_1"":{""input_state"":1,""op"":""conv_1x7_7x1""},""branch_2"":{""input_state"":1,""op"":""max_pool_3x3""}},{""branch_1"":{""input_state"":2,""op"":""sep_conv_5x5""},""branch_2"":{""input_state"":0,""op"":""identity""}}]}}",,random_initialization,True,0.3762,0.3762,0.3762,0.3762,1211086,47.64647830001195,"{""ages_in_first_evaluations"":[15,14,13,12,11,10,9,8,7,6,5,4,3,2,1,0],""oldest_to_youngest_evaluation_indices"":[1,2,3,4,5,6,7,8,9,10,11,12,13,14,15,16]}",,,,,,,,
RS-SA-RE,2910,17,30,first_evaluation,initialization,17,20260843,"{""normal"":{""pairs"":[{""branch_1"":{""input_state"":1,""op"":""conv_1x7_7x1""},""branch_2"":{""input_state"":1,""op"":""identity""}},{""branch_1"":{""input_state"":0,""op"":""sep_conv_5x5""},""branch_2"":{""input_state"":0,""op"":""conv_1x7_7x1""}},{""branch_1"":{""input_state"":0,""op"":""sep_conv_5x5""},""branch_2"":{""input_state"":2,""op"":""conv_1x7_7x1""}},{""branch_1"":{""input_state"":0,""op"":""sep_conv_7x7""},""branch_2"":{""input_state"":0,""op"":""max_pool_3x3""}},{""branch_1"":{""input_state"":1,""op"":""max_pool_3x3""},""branch_2"":{""input_state"":1,""op"":""sep_conv_3x3""}}]},""reduction"":{""pairs"":[{""branch_1"":{""input_state"":0,""op"":""sep_conv_7x7""},""branch_2"":{""input_state"":0,""op"":""max_pool_3x3""}},{""branch_1"":{""input_state"":1,""op"":""dil_sep_conv_3x3""},""branch_2"":{""input_state"":0,""op"":""identity""}},{""branch_1"":{""input_state"":1,""op"":""conv_1x7_7x1""},""branch_2"":{""input_state"":3,""op"":""sep_conv_3x3""}},{""branch_1"":{""input_state"":4,""op"":""max_pool_3x3""},""branch_2"":{""input_state"":3,""op"":""conv_1x7_7x1""}},{""branch_1"":{""input_state"":4,""op"":""dil_sep_conv_3x3""},""branch_2"":{""input_state"":1,""op"":""identity""}}]}}",,random_initialization,True,0.4562,0.4562,0.4562,0.4562,1031974,46.82222339999862,"{""ages_in_first_evaluations"":[16,15,14,13,12,11,10,9,8,7,6,5,4,3,2,1,0],""oldest_to_youngest_evaluation_indices"":[1,2,3,4,5,6,7,8,9,10,11,12,13,14,15,16,17]}",,,,,,,,
RS-SA-RE,2910,18,30,first_evaluation,initialization,18,20260844,"{""normal"":{""pairs"":[{""branch_1"":{""input_state"":0,""op"":""max_pool_3x3""},""branch_2"":{""input_state"":1,""op"":""conv_1x7_7x1""}},{""branch_1"":{""input_state"":2,""op"":""conv_1x7_7x1""},""branch_2"":{""input_state"":1,""op"":""conv_1x7_7x1""}},{""branch_1"":{""input_state"":3,""op"":""dil_sep_conv_3x3""},""branch_2"":{""input_state"":1,""op"":""conv_1x7_7x1""}},{""branch_1"":{""input_state"":2,""op"":""sep_conv_5x5""},""branch_2"":{""input_state"":4,""op"":""max_pool_3x3""}},{""branch_1"":{""input_state"":1,""op"":""max_pool_3x3""},""branch_2"":{""input_state"":1,""op"":""sep_conv_7x7""}}]},""reduction"":{""pairs"":[{""branch_1"":{""input_state"":1,""op"":""dil_sep_conv_3x3""},""branch_2"":{""input_state"":0,""op"":""identity""}},{""branch_1"":{""input_state"":1,""op"":""dil_sep_conv_3x3""},""branch_2"":{""input_state"":2,""op"":""identity""}},{""branch_1"":{""input_state"":3,""op"":""identity""},""branch_2"":{""input_state"":3,""op"":""sep_conv_7x7""}},{""branch_1"":{""input_state"":2,""op"":""conv_1x7_7x1""},""branch_2"":{""input_state"":3,""op"":""sep_conv_3x3""}},{""branch_1"":{""input_state"":0,""op"":""conv_1x7_7x1""},""branch_2"":{""input_state"":5,""op"":""max_pool_3x3""}}]}}",,random_initialization,True,0.3458,0.3458,0.3458,0.3458,828130,45.96582050000143,"{""ages_in_first_evaluations"":[17,16,15,14,13,12,11,10,9,8,7,6,5,4,3,2,1,0],""oldest_to_youngest_evaluation_indices"":[1,2,3,4,5,6,7,8,9,10,11,12,13,14,15,16,17,18]}",,,,,,,,
RS-SA-RE,2910,19,30,first_evaluation,initialization,19,20260845,"{""normal"":{""pairs"":[{""branch_1"":{""input_state"":0,""op"":""identity""},""branch_2"":{""input_state"":0,""op"":""max_pool_3x3""}},{""branch_1"":{""input_state"":2,""op"":""conv_1x7_7x1""},""branch_2"":{""input_state"":1,""op"":""sep_conv_7x7""}},{""branch_1"":{""input_state"":2,""op"":""avg_pool_3x3""},""branch_2"":{""input_state"":3,""op"":""dil_sep_conv_3x3""}},{""branch_1"":{""input_state"":3,""op"":""sep_conv_3x3""},""branch_2"":{""input_state"":1,""op"":""sep_conv_7x7""}},{""branch_1"":{""input_state"":5,""op"":""max_pool_3x3""},""branch_2"":{""input_state"":4,""op"":""sep_conv_3x3""}}]},""reduction"":{""pairs"":[{""branch_1"":{""input_state"":1,""op"":""dil_sep_conv_3x3""},""branch_2"":{""input_state"":0,""op"":""identity""}},{""branch_1"":{""input_state"":0,""op"":""sep_conv_7x7""},""branch_2"":{""input_state"":2,""op"":""dil_sep_conv_3x3""}},{""branch_1"":{""input_state"":1,""op"":""sep_conv_7x7""},""branch_2"":{""input_state"":3,""op"":""max_pool_3x3""}},{""branch_1"":{""input_state"":0,""op"":""identity""},""branch_2"":{""input_state"":1,""op"":""sep_conv_5x5""}},{""branch_1"":{""input_state"":0,""op"":""identity""},""branch_2"":{""input_state"":3,""op"":""max_pool_3x3""}}]}}",,random_initialization,True,0.413,0.413,0.413,0.413,865822,41.2398472000059,"{""ages_in_first_evaluations"":[18,17,16,15,14,13,12,11,10,9,8,7,6,5,4,3,2,1,0],""oldest_to_youngest_evaluation_indices"":[1,2,3,4,5,6,7,8,9,10,11,12,13,14,15,16,17,18,19]}",,,,,,,,
RS-SA-RE,2910,20,30,first_evaluation,initialization,20,20260846,"{""normal"":{""pairs"":[{""branch_1"":{""input_state"":1,""op"":""sep_conv_3x3""},""branch_2"":{""input_state"":1,""op"":""identity""}},{""branch_1"":{""input_state"":2,""op"":""sep_conv_3x3""},""branch_2"":{""input_state"":0,""op"":""sep_conv_5x5""}},{""branch_1"":{""input_state"":0,""op"":""dil_sep_conv_3x3""},""branch_2"":{""input_state"":0,""op"":""conv_1x7_7x1""}},{""branch_1"":{""input_state"":3,""op"":""sep_conv_7x7""},""branch_2"":{""input_state"":0,""op"":""avg_pool_3x3""}},{""branch_1"":{""input_state"":1,""op"":""sep_conv_7x7""},""branch_2"":{""input_state"":0,""op"":""max_pool_3x3""}}]},""reduction"":{""pairs"":[{""branch_1"":{""input_state"":1,""op"":""identity""},""branch_2"":{""input_state"":0,""op"":""dil_sep_conv_3x3""}},{""branch_1"":{""input_state"":0,""op"":""dil_sep_conv_3x3""},""branch_2"":{""input_state"":1,""op"":""conv_1x7_7x1""}},{""branch_1"":{""input_state"":1,""op"":""sep_conv_7x7""},""branch_2"":{""input_state"":2,""op"":""dil_sep_conv_3x3""}},{""branch_1"":{""input_state"":1,""op"":""sep_conv_5x5""},""branch_2"":{""input_state"":0,""op"":""conv_1x7_7x1""}},{""branch_1"":{""input_state"":0,""op"":""max_pool_3x3""},""branch_2"":{""input_state"":1,""op"":""sep_conv_3x3""}}]}}",,random_initialization,True,0.5212,0.5212,0.5212,0.5212,1133902,46.3569193000003,"{""ages_in_first_evaluations"":[19,18,17,16,15,14,13,12,11,10,9,8,7,6,5,4,3,2,1,0],""oldest_to_youngest_evaluation_indices"":[1,2,3,4,5,6,7,8,9,10,11,12,13,14,15,16,17,18,19,20]}",,,,,,,,
RS-SA-RE,2910,21,30,repeat_evaluation,warmup_repeat,8,21260834,"{""normal"":{""pairs"":[{""branch_1"":{""input_state"":0,""op"":""dil_sep_conv_3x3""},""branch_2"":{""input_state"":0,""op"":""identity""}},{""branch_1"":{""input_state"":2,""op"":""max_pool_3x3""},""branch_2"":{""input_state"":0,""op"":""sep_conv_5x5""}},{""branch_1"":{""input_state"":3,""op"":""sep_conv_5x5""},""branch_2"":{""input_state"":2,""op"":""identity""}},{""branch_1"":{""input_state"":4,""op"":""conv_1x7_7x1""},""branch_2"":{""input_state"":0,""op"":""avg_pool_3x3""}},{""branch_1"":{""input_state"":3,""op"":""dil_sep_conv_3x3""},""branch_2"":{""input_state"":1,""op"":""sep_conv_5x5""}}]},""reduction"":{""pairs"":[{""branch_1"":{""input_state"":0,""op"":""sep_conv_7x7""},""branch_2"":{""input_state"":0,""op"":""max_pool_3x3""}},{""branch_1"":{""input_state"":1,""op"":""identity""},""branch_2"":{""input_state"":2,""op"":""max_pool_3x3""}},{""branch_1"":{""input_state"":1,""op"":""conv_1x7_7x1""},""branch_2"":{""input_state"":0,""op"":""identity""}},{""branch_1"":{""input_state"":4,""op"":""max_pool_3x3""},""branch_2"":{""input_state"":0,""op"":""avg_pool_3x3""}},{""branch_1"":{""input_state"":3,""op"":""identity""},""branch_2"":{""input_state"":5,""op"":""conv_1x7_7x1""}}]}}",,scheduled_repeat,False,,0.5194,0.5194,0.5194,730750,39.19187840000086,"{""ages_in_first_evaluations"":[19,18,17,16,15,14,13,12,11,10,9,8,7,6,5,4,3,2,1,0],""oldest_to_youngest_evaluation_indices"":[1,2,3,4,5,6,7,8,9,10,11,12,13,14,15,16,17,18,19,20]}",,,,,,,,
RS-SA-RE,2910,22,30,repeat_evaluation,warmup_repeat,19,21260845,"{""normal"":{""pairs"":[{""branch_1"":{""input_state"":0,""op"":""identity""},""branch_2"":{""input_state"":0,""op"":""max_pool_3x3""}},{""branch_1"":{""input_state"":2,""op"":""conv_1x7_7x1""},""branch_2"":{""input_state"":1,""op"":""sep_conv_7x7""}},{""branch_1"":{""input_state"":2,""op"":""avg_pool_3x3""},""branch_2"":{""input_state"":3,""op"":""dil_sep_conv_3x3""}},{""branch_1"":{""input_state"":3,""op"":""sep_conv_3x3""},""branch_2"":{""input_state"":1,""op"":""sep_conv_7x7""}},{""branch_1"":{""input_state"":5,""op"":""max_pool_3x3""},""branch_2"":{""input_state"":4,""op"":""sep_conv_3x3""}}]},""reduction"":{""pairs"":[{""branch_1"":{""input_state"":1,""op"":""dil_sep_conv_3x3""},""branch_2"":{""input_state"":0,""op"":""identity""}},{""branch_1"":{""input_state"":0,""op"":""sep_conv_7x7""},""branch_2"":{""input_state"":2,""op"":""dil_sep_conv_3x3""}},{""branch_1"":{""input_state"":1,""op"":""sep_conv_7x7""},""branch_2"":{""input_state"":3,""op"":""max_pool_3x3""}},{""branch_1"":{""input_state"":0,""op"":""identity""},""branch_2"":{""input_state"":1,""op"":""sep_conv_5x5""}},{""branch_1"":{""input_state"":0,""op"":""identity""},""branch_2"":{""input_state"":3,""op"":""max_pool_3x3""}}]}}",,scheduled_repeat,False,,0.4064,0.4064,0.4064,865822,40.62578870001016,"{""ages_in_first_evaluations"":[19,18,17,16,15,14,13,12,11,10,9,8,7,6,5,4,3,2,1,0],""oldest_to_youngest_evaluation_indices"":[1,2,3,4,5,6,7,8,9,10,11,12,13,14,15,16,17,18,19,20]}",,,,,,,,
RS-SA-RE,2910,23,30,repeat_evaluation,warmup_repeat,7,21260833,"{""normal"":{""pairs"":[{""branch_1"":{""input_state"":0,""op"":""sep_conv_5x5""},""branch_2"":{""input_state"":1,""op"":""sep_conv_3x3""}},{""branch_1"":{""input_state"":1,""op"":""sep_conv_7x7""},""branch_2"":{""input_state"":2,""op"":""dil_sep_conv_3x3""}},{""branch_1"":{""input_state"":2,""op"":""sep_conv_3x3""},""branch_2"":{""input_state"":1,""op"":""sep_conv_3x3""}},{""branch_1"":{""input_state"":4,""op"":""sep_conv_3x3""},""branch_2"":{""input_state"":4,""op"":""identity""}},{""branch_1"":{""input_state"":2,""op"":""max_pool_3x3""},""branch_2"":{""input_state"":2,""op"":""sep_conv_5x5""}}]},""reduction"":{""pairs"":[{""branch_1"":{""input_state"":0,""op"":""avg_pool_3x3""},""branch_2"":{""input_state"":1,""op"":""max_pool_3x3""}},{""branch_1"":{""input_state"":2,""op"":""avg_pool_3x3""},""branch_2"":{""input_state"":2,""op"":""identity""}},{""branch_1"":{""input_state"":2,""op"":""conv_1x7_7x1""},""branch_2"":{""input_state"":0,""op"":""dil_sep_conv_3x3""}},{""branch_1"":{""input_state"":0,""op"":""avg_pool_3x3""},""branch_2"":{""input_state"":1,""op"":""sep_conv_3x3""}},{""branch_1"":{""input_state"":1,""op"":""identity""},""branch_2"":{""input_state"":2,""op"":""dil_sep_conv_3x3""}}]}}",,scheduled_repeat,False,,0.4024,0.4024,0.4024,1114282,42.57701460001408,"{""ages_in_first_evaluations"":[19,18,17,16,15,14,13,12,11,10,9,8,7,6,5,4,3,2,1,0],""oldest_to_youngest_evaluation_indices"":[1,2,3,4,5,6,7,8,9,10,11,12,13,14,15,16,17,18,19,20]}",,,,,,,,
RS-SA-RE,2910,24,30,repeat_evaluation,warmup_repeat,12,21260838,"{""normal"":{""pairs"":[{""branch_1"":{""input_state"":1,""op"":""max_pool_3x3""},""branch_2"":{""input_state"":0,""op"":""sep_conv_5x5""}},{""branch_1"":{""input_state"":0,""op"":""sep_conv_5x5""},""branch_2"":{""input_state"":1,""op"":""conv_1x7_7x1""}},{""branch_1"":{""input_state"":2,""op"":""dil_sep_conv_3x3""},""branch_2"":{""input_state"":1,""op"":""avg_pool_3x3""}},{""branch_1"":{""input_state"":3,""op"":""max_pool_3x3""},""branch_2"":{""input_state"":1,""op"":""conv_1x7_7x1""}},{""branch_1"":{""input_state"":4,""op"":""avg_pool_3x3""},""branch_2"":{""input_state"":0,""op"":""dil_sep_conv_3x3""}}]},""reduction"":{""pairs"":[{""branch_1"":{""input_state"":1,""op"":""sep_conv_5x5""},""branch_2"":{""input_state"":0,""op"":""sep_conv_3x3""}},{""branch_1"":{""input_state"":2,""op"":""sep_conv_7x7""},""branch_2"":{""input_state"":2,""op"":""sep_conv_7x7""}},{""branch_1"":{""input_state"":1,""op"":""avg_pool_3x3""},""branch_2"":{""input_state"":2,""op"":""identity""}},{""branch_1"":{""input_state"":2,""op"":""avg_pool_3x3""},""branch_2"":{""input_state"":2,""op"":""max_pool_3x3""}},{""branch_1"":{""input_state"":4,""op"":""sep_conv_7x7""},""branch_2"":{""input_state"":0,""op"":""sep_conv_5x5""}}]}}",,scheduled_repeat,False,,0.3986,0.3986,0.3986,847498,41.85222739999881,"{""ages_in_first_evaluations"":[19,18,17,16,15,14,13,12,11,10,9,8,7,6,5,4,3,2,1,0],""oldest_to_youngest_evaluation_indices"":[1,2,3,4,5,6,7,8,9,10,11,12,13,14,15,16,17,18,19,20]}",,,,,,,,
RS-SA-RE,2910,25,30,first_evaluation,evolution,21,20260847,"{""normal"":{""pairs"":[{""branch_1"":{""input_state"":0,""op"":""avg_pool_3x3""},""branch_2"":{""input_state"":1,""op"":""avg_pool_3x3""}},{""branch_1"":{""input_state"":2,""op"":""sep_conv_5x5""},""branch_2"":{""input_state"":1,""op"":""dil_sep_conv_3x3""}},{""branch_1"":{""input_state"":0,""op"":""sep_conv_5x5""},""branch_2"":{""input_state"":2,""op"":""sep_conv_5x5""}},{""branch_1"":{""input_state"":3,""op"":""sep_conv_3x3""},""branch_2"":{""input_state"":2,""op"":""max_pool_3x3""}},{""branch_1"":{""input_state"":0,""op"":""max_pool_3x3""},""branch_2"":{""input_state"":3,""op"":""sep_conv_5x5""}}]},""reduction"":{""pairs"":[{""branch_1"":{""input_state"":0,""op"":""sep_conv_3x3""},""branch_2"":{""input_state"":0,""op"":""conv_1x7_7x1""}},{""branch_1"":{""input_state"":1,""op"":""sep_conv_5x5""},""branch_2"":{""input_state"":1,""op"":""conv_1x7_7x1""}},{""branch_1"":{""input_state"":1,""op"":""dil_sep_conv_3x3""},""branch_2"":{""input_state"":2,""op"":""avg_pool_3x3""}},{""branch_1"":{""input_state"":3,""op"":""sep_conv_5x5""},""branch_2"":{""input_state"":2,""op"":""sep_conv_5x5""}},{""branch_1"":{""input_state"":4,""op"":""dil_sep_conv_3x3""},""branch_2"":{""input_state"":3,""op"":""sep_conv_7x7""}}]}}","{""normal"":{""pairs"":[{""branch_1"":{""input_state"":0,""op"":""avg_pool_3x3""},""branch_2"":{""input_state"":1,""op"":""avg_pool_3x3""}},{""branch_1"":{""input_state"":2,""op"":""sep_conv_5x5""},""branch_2"":{""input_state"":1,""op"":""dil_sep_conv_3x3""}},{""branch_1"":{""input_state"":0,""op"":""sep_conv_5x5""},""branch_2"":{""input_state"":2,""op"":""sep_conv_5x5""}},{""branch_1"":{""input_state"":3,""op"":""sep_conv_3x3""},""branch_2"":{""input_state"":2,""op"":""max_pool_3x3""}},{""branch_1"":{""input_state"":0,""op"":""max_pool_3x3""},""branch_2"":{""input_state"":3,""op"":""sep_conv_5x5""}}]},""reduction"":{""pairs"":[{""branch_1"":{""input_state"":0,""op"":""sep_conv_3x3""},""branch_2"":{""input_state"":0,""op"":""conv_1x7_7x1""}},{""branch_1"":{""input_state"":1,""op"":""sep_conv_5x5""},""branch_2"":{""input_state"":0,""op"":""conv_1x7_7x1""}},{""branch_1"":{""input_state"":1,""op"":""dil_sep_conv_3x3""},""branch_2"":{""input_state"":2,""op"":""avg_pool_3x3""}},{""branch_1"":{""input_state"":3,""op"":""sep_conv_5x5""},""branch_2"":{""input_state"":2,""op"":""sep_conv_5x5""}},{""branch_1"":{""input_state"":4,""op"":""dil_sep_conv_3x3""},""branch_2"":{""input_state"":3,""op"":""sep_conv_7x7""}}]}}",hidden_state,True,0.4146,0.4146,0.4146,0.4146,1027522,41.175433299998986,"{""ages_in_first_evaluations"":[19,18,17,16,15,14,13,12,11,10,9,8,7,6,5,4,3,2,1,0],""oldest_to_youngest_evaluation_indices"":[2,3,4,5,6,7,8,9,10,11,12,13,14,15,16,17,18,19,20,21]}",0.5203424096107483,0.1600901037454605,1.0,0.360252320766449,2,20,4,0.00021681864745914936
RS-SA-RE,2910,26,30,first_evaluation,evolution,22,20260848,"{""normal"":{""pairs"":[{""branch_1"":{""input_state"":1,""op"":""sep_conv_3x3""},""branch_2"":{""input_state"":1,""op"":""identity""}},{""branch_1"":{""input_state"":2,""op"":""sep_conv_3x3""},""branch_2"":{""input_state"":0,""op"":""sep_conv_5x5""}},{""branch_1"":{""input_state"":0,""op"":""dil_sep_conv_3x3""},""branch_2"":{""input_state"":0,""op"":""conv_1x7_7x1""}},{""branch_1"":{""input_state"":3,""op"":""sep_conv_7x7""},""branch_2"":{""input_state"":0,""op"":""avg_pool_3x3""}},{""branch_1"":{""input_state"":1,""op"":""sep_conv_7x7""},""branch_2"":{""input_state"":0,""op"":""max_pool_3x3""}}]},""reduction"":{""pairs"":[{""branch_1"":{""input_state"":1,""op"":""identity""},""branch_2"":{""input_state"":0,""op"":""dil_sep_conv_3x3""}},{""branch_1"":{""input_state"":0,""op"":""dil_sep_conv_3x3""},""branch_2"":{""input_state"":1,""op"":""conv_1x7_7x1""}},{""branch_1"":{""input_state"":1,""op"":""sep_conv_7x7""},""branch_2"":{""input_state"":2,""op"":""dil_sep_conv_3x3""}},{""branch_1"":{""input_state"":1,""op"":""sep_conv_5x5""},""branch_2"":{""input_state"":0,""op"":""conv_1x7_7x1""}},{""branch_1"":{""input_state"":0,""op"":""max_pool_3x3""},""branch_2"":{""input_state"":0,""op"":""sep_conv_3x3""}}]}}","{""normal"":{""pairs"":[{""branch_1"":{""input_state"":1,""op"":""sep_conv_3x3""},""branch_2"":{""input_state"":1,""op"":""identity""}},{""branch_1"":{""input_state"":2,""op"":""sep_conv_3x3""},""branch_2"":{""input_state"":0,""op"":""sep_conv_5x5""}},{""branch_1"":{""input_state"":0,""op"":""dil_sep_conv_3x3""},""branch_2"":{""input_state"":0,""op"":""conv_1x7_7x1""}},{""branch_1"":{""input_state"":3,""op"":""sep_conv_7x7""},""branch_2"":{""input_state"":0,""op"":""avg_pool_3x3""}},{""branch_1"":{""input_state"":1,""op"":""sep_conv_7x7""},""branch_2"":{""input_state"":0,""op"":""max_pool_3x3""}}]},""reduction"":{""pairs"":[{""branch_1"":{""input_state"":1,""op"":""identity""},""branch_2"":{""input_state"":0,""op"":""dil_sep_conv_3x3""}},{""branch_1"":{""input_state"":0,""op"":""dil_sep_conv_3x3""},""branch_2"":{""input_state"":1,""op"":""conv_1x7_7x1""}},{""branch_1"":{""input_state"":1,""op"":""sep_conv_7x7""},""branch_2"":{""input_state"":2,""op"":""dil_sep_conv_3x3""}},{""branch_1"":{""input_state"":1,""op"":""sep_conv_5x5""},""branch_2"":{""input_state"":0,""op"":""conv_1x7_7x1""}},{""branch_1"":{""input_state"":0,""op"":""max_pool_3x3""},""branch_2"":{""input_state"":1,""op"":""sep_conv_3x3""}}]}}",hidden_state,True,0.4322,0.4322,0.4322,0.4322,1133902,47.3051589000097,"{""ages_in_first_evaluations"":[19,18,17,16,15,14,13,12,11,10,9,8,7,6,5,4,3,2,1,0],""oldest_to_youngest_evaluation_indices"":[3,4,5,6,7,8,9,10,11,12,13,14,15,16,17,18,19,20,21,22]}",0.5203583240509033,0.14417867362499237,1.0,0.37617963552474976,3,21,4,0.00033207927481271327
RS-SA-RE,2910,27,30,first_evaluation,evolution,23,20260849,"{""normal"":{""pairs"":[{""branch_1"":{""input_state"":0,""op"":""avg_pool_3x3""},""branch_2"":{""input_state"":1,""op"":""avg_pool_3x3""}},{""branch_1"":{""input_state"":2,""op"":""sep_conv_5x5""},""branch_2"":{""input_state"":1,""op"":""dil_sep_conv_3x3""}},{""branch_1"":{""input_state"":0,""op"":""sep_conv_5x5""},""branch_2"":{""input_state"":2,""op"":""sep_conv_5x5""}},{""branch_1"":{""input_state"":3,""op"":""sep_conv_3x3""},""branch_2"":{""input_state"":2,""op"":""max_pool_3x3""}},{""branch_1"":{""input_state"":0,""op"":""max_pool_3x3""},""branch_2"":{""input_state"":3,""op"":""sep_conv_5x5""}}]},""reduction"":{""pairs"":[{""branch_1"":{""input_state"":0,""op"":""sep_conv_3x3""},""branch_2"":{""input_state"":0,""op"":""conv_1x7_7x1""}},{""branch_1"":{""input_state"":1,""op"":""sep_conv_5x5""},""branch_2"":{""input_state"":0,""op"":""conv_1x7_7x1""}},{""branch_1"":{""input_state"":1,""op"":""dil_sep_conv_3x3""},""branch_2"":{""input_state"":2,""op"":""avg_pool_3x3""}},{""branch_1"":{""input_state"":2,""op"":""sep_conv_5x5""},""branch_2"":{""input_state"":2,""op"":""sep_conv_5x5""}},{""branch_1"":{""input_state"":4,""op"":""dil_sep_conv_3x3""},""branch_2"":{""input_state"":3,""op"":""sep_conv_7x7""}}]}}","{""normal"":{""pairs"":[{""branch_1"":{""input_state"":0,""op"":""avg_pool_3x3""},""branch_2"":{""input_state"":1,""op"":""avg_pool_3x3""}},{""branch_1"":{""input_state"":2,""op"":""sep_conv_5x5""},""branch_2"":{""input_state"":1,""op"":""dil_sep_conv_3x3""}},{""branch_1"":{""input_state"":0,""op"":""sep_conv_5x5""},""branch_2"":{""input_state"":2,""op"":""sep_conv_5x5""}},{""branch_1"":{""input_state"":3,""op"":""sep_conv_3x3""},""branch_2"":{""input_state"":2,""op"":""max_pool_3x3""}},{""branch_1"":{""input_state"":0,""op"":""max_pool_3x3""},""branch_2"":{""input_state"":3,""op"":""sep_conv_5x5""}}]},""reduction"":{""pairs"":[{""branch_1"":{""input_state"":0,""op"":""sep_conv_3x3""},""branch_2"":{""input_state"":0,""op"":""conv_1x7_7x1""}},{""branch_1"":{""input_state"":1,""op"":""sep_conv_5x5""},""branch_2"":{""input_state"":0,""op"":""conv_1x7_7x1""}},{""branch_1"":{""input_state"":1,""op"":""dil_sep_conv_3x3""},""branch_2"":{""input_state"":2,""op"":""avg_pool_3x3""}},{""branch_1"":{""input_state"":3,""op"":""sep_conv_5x5""},""branch_2"":{""input_state"":2,""op"":""sep_conv_5x5""}},{""branch_1"":{""input_state"":4,""op"":""dil_sep_conv_3x3""},""branch_2"":{""input_state"":3,""op"":""sep_conv_7x7""}}]}}",hidden_state,True,0.458,0.458,0.458,0.458,1027522,43.315235500005656,"{""ages_in_first_evaluations"":[19,18,17,16,15,14,13,12,11,10,9,8,7,6,5,4,3,2,1,0],""oldest_to_youngest_evaluation_indices"":[4,5,6,7,8,9,10,11,12,13,14,15,16,17,18,19,20,21,22,23]}",0.47328317165374756,0.1777745634317398,1.0,0.29550862312316895,0,22,4,0.000333032279741019
RS-SA-RE,2910,28,30,first_evaluation,evolution,24,20260850,"{""normal"":{""pairs"":[{""branch_1"":{""input_state"":1,""op"":""sep_conv_3x3""},""branch_2"":{""input_state"":1,""op"":""identity""}},{""branch_1"":{""input_state"":2,""op"":""sep_conv_3x3""},""branch_2"":{""input_state"":0,""op"":""sep_conv_5x5""}},{""branch_1"":{""input_state"":0,""op"":""dil_sep_conv_3x3""},""branch_2"":{""input_state"":0,""op"":""conv_1x7_7x1""}},{""branch_1"":{""input_state"":3,""op"":""sep_conv_7x7""},""branch_2"":{""input_state"":0,""op"":""avg_pool_3x3""}},{""branch_1"":{""input_state"":1,""op"":""sep_conv_7x7""},""branch_2"":{""input_state"":0,""op"":""max_pool_3x3""}}]},""reduction"":{""pairs"":[{""branch_1"":{""input_state"":1,""op"":""identity""},""branch_2"":{""input_state"":0,""op"":""dil_sep_conv_3x3""}},{""branch_1"":{""input_state"":0,""op"":""dil_sep_conv_3x3""},""branch_2"":{""input_state"":2,""op"":""conv_1x7_7x1""}},{""branch_1"":{""input_state"":1,""op"":""sep_conv_7x7""},""branch_2"":{""input_state"":2,""op"":""dil_sep_conv_3x3""}},{""branch_1"":{""input_state"":1,""op"":""sep_conv_5x5""},""branch_2"":{""input_state"":0,""op"":""conv_1x7_7x1""}},{""branch_1"":{""input_state"":0,""op"":""max_pool_3x3""},""branch_2"":{""input_state"":1,""op"":""sep_conv_3x3""}}]}}","{""normal"":{""pairs"":[{""branch_1"":{""input_state"":1,""op"":""sep_conv_3x3""},""branch_2"":{""input_state"":1,""op"":""identity""}},{""branch_1"":{""input_state"":2,""op"":""sep_conv_3x3""},""branch_2"":{""input_state"":0,""op"":""sep_conv_5x5""}},{""branch_1"":{""input_state"":0,""op"":""dil_sep_conv_3x3""},""branch_2"":{""input_state"":0,""op"":""conv_1x7_7x1""}},{""branch_1"":{""input_state"":3,""op"":""sep_conv_7x7""},""branch_2"":{""input_state"":0,""op"":""avg_pool_3x3""}},{""branch_1"":{""input_state"":1,""op"":""sep_conv_7x7""},""branch_2"":{""input_state"":0,""op"":""max_pool_3x3""}}]},""reduction"":{""pairs"":[{""branch_1"":{""input_state"":1,""op"":""identity""},""branch_2"":{""input_state"":0,""op"":""dil_sep_conv_3x3""}},{""branch_1"":{""input_state"":0,""op"":""dil_sep_conv_3x3""},""branch_2"":{""input_state"":1,""op"":""conv_1x7_7x1""}},{""branch_1"":{""input_state"":1,""op"":""sep_conv_7x7""},""branch_2"":{""input_state"":2,""op"":""dil_sep_conv_3x3""}},{""branch_1"":{""input_state"":1,""op"":""sep_conv_5x5""},""branch_2"":{""input_state"":0,""op"":""conv_1x7_7x1""}},{""branch_1"":{""input_state"":0,""op"":""max_pool_3x3""},""branch_2"":{""input_state"":1,""op"":""sep_conv_3x3""}}]}}",hidden_state,True,0.4908,0.4908,0.4908,0.4908,1133902,45.011690999992425,"{""ages_in_first_evaluations"":[19,18,17,16,15,14,13,12,11,10,9,8,7,6,5,4,3,2,1,0],""oldest_to_youngest_evaluation_indices"":[5,6,7,8,9,10,11,12,13,14,15,16,17,18,19,20,21,22,23,24]}",0.5173293352127075,0.15802966058254242,1.0,0.3592996597290039,1,23,4,0.0003611250431276858
RS-SA-RE,2910,29,30,repeat_evaluation,periodic_repeat,20,21260846,"{""normal"":{""pairs"":[{""branch_1"":{""input_state"":1,""op"":""sep_conv_3x3""},""branch_2"":{""input_state"":1,""op"":""identity""}},{""branch_1"":{""input_state"":2,""op"":""sep_conv_3x3""},""branch_2"":{""input_state"":0,""op"":""sep_conv_5x5""}},{""branch_1"":{""input_state"":0,""op"":""dil_sep_conv_3x3""},""branch_2"":{""input_state"":0,""op"":""conv_1x7_7x1""}},{""branch_1"":{""input_state"":3,""op"":""sep_conv_7x7""},""branch_2"":{""input_state"":0,""op"":""avg_pool_3x3""}},{""branch_1"":{""input_state"":1,""op"":""sep_conv_7x7""},""branch_2"":{""input_state"":0,""op"":""max_pool_3x3""}}]},""reduction"":{""pairs"":[{""branch_1"":{""input_state"":1,""op"":""identity""},""branch_2"":{""input_state"":0,""op"":""dil_sep_conv_3x3""}},{""branch_1"":{""input_state"":0,""op"":""dil_sep_conv_3x3""},""branch_2"":{""input_state"":1,""op"":""conv_1x7_7x1""}},{""branch_1"":{""input_state"":1,""op"":""sep_conv_7x7""},""branch_2"":{""input_state"":2,""op"":""dil_sep_conv_3x3""}},{""branch_1"":{""input_state"":1,""op"":""sep_conv_5x5""},""branch_2"":{""input_state"":0,""op"":""conv_1x7_7x1""}},{""branch_1"":{""input_state"":0,""op"":""max_pool_3x3""},""branch_2"":{""input_state"":1,""op"":""sep_conv_3x3""}}]}}",,scheduled_repeat,False,,0.482,0.482,0.482,1133902,45.42977030000475,"{""ages_in_first_evaluations"":[19,18,17,16,15,14,13,12,11,10,9,8,7,6,5,4,3,2,1,0],""oldest_to_youngest_evaluation_indices"":[5,6,7,8,9,10,11,12,13,14,15,16,17,18,19,20,21,22,23,24]}",,,,,,,,
RS-SA-RE,2910,30,30,first_evaluation,evolution,25,20260851,"{""normal"":{""pairs"":[{""branch_1"":{""input_state"":0,""op"":""sep_conv_7x7""},""branch_2"":{""input_state"":0,""op"":""sep_conv_3x3""}},{""branch_1"":{""input_state"":1,""op"":""avg_pool_3x3""},""branch_2"":{""input_state"":0,""op"":""sep_conv_7x7""}},{""branch_1"":{""input_state"":2,""op"":""conv_1x7_7x1""},""branch_2"":{""input_state"":2,""op"":""dil_sep_conv_3x3""}},{""branch_1"":{""input_state"":0,""op"":""max_pool_3x3""},""branch_2"":{""input_state"":2,""op"":""sep_conv_3x3""}},{""branch_1"":{""input_state"":3,""op"":""sep_conv_3x3""},""branch_2"":{""input_state"":1,""op"":""sep_conv_3x3""}}]},""reduction"":{""pairs"":[{""branch_1"":{""input_state"":1,""op"":""sep_conv_7x7""},""branch_2"":{""input_state"":0,""op"":""sep_conv_7x7""}},{""branch_1"":{""input_state"":0,""op"":""dil_sep_conv_3x3""},""branch_2"":{""input_state"":0,""op"":""sep_conv_7x7""}},{""branch_1"":{""input_state"":0,""op"":""avg_pool_3x3""},""branch_2"":{""input_state"":0,""op"":""max_pool_3x3""}},{""branch_1"":{""input_state"":0,""op"":""sep_conv_3x3""},""branch_2"":{""input_state"":3,""op"":""sep_conv_7x7""}},{""branch_1"":{""input_state"":5,""op"":""sep_conv_7x7""},""branch_2"":{""input_state"":0,""op"":""avg_pool_3x3""}}]}}","{""normal"":{""pairs"":[{""branch_1"":{""input_state"":0,""op"":""sep_conv_7x7""},""branch_2"":{""input_state"":0,""op"":""sep_conv_3x3""}},{""branch_1"":{""input_state"":1,""op"":""avg_pool_3x3""},""branch_2"":{""input_state"":0,""op"":""sep_conv_7x7""}},{""branch_1"":{""input_state"":2,""op"":""conv_1x7_7x1""},""branch_2"":{""input_state"":2,""op"":""sep_conv_3x3""}},{""branch_1"":{""input_state"":0,""op"":""max_pool_3x3""},""branch_2"":{""input_state"":2,""op"":""sep_conv_3x3""}},{""branch_1"":{""input_state"":3,""op"":""sep_conv_3x3""},""branch_2"":{""input_state"":1,""op"":""sep_conv_3x3""}}]},""reduction"":{""pairs"":[{""branch_1"":{""input_state"":1,""op"":""sep_conv_7x7""},""branch_2"":{""input_state"":0,""op"":""sep_conv_7x7""}},{""branch_1"":{""input_state"":0,""op"":""dil_sep_conv_3x3""},""branch_2"":{""input_state"":0,""op"":""sep_conv_7x7""}},{""branch_1"":{""input_state"":0,""op"":""avg_pool_3x3""},""branch_2"":{""input_state"":0,""op"":""max_pool_3x3""}},{""branch_1"":{""input_state"":0,""op"":""sep_conv_3x3""},""branch_2"":{""input_state"":3,""op"":""sep_conv_7x7""}},{""branch_1"":{""input_state"":5,""op"":""sep_conv_7x7""},""branch_2"":{""input_state"":0,""op"":""avg_pool_3x3""}}]}}",operation,True,0.459,0.459,0.459,0.459,1201582,47.88825149998593,"{""ages_in_first_evaluations"":[19,18,17,16,15,14,13,12,11,10,9,8,7,6,5,4,3,2,1,0],""oldest_to_youngest_evaluation_indices"":[6,7,8,9,10,11,12,13,14,15,16,17,18,19,20,21,22,23,24,25]}",0.5364055037498474,0.1149861067533493,1.0,0.4214193820953369,1,24,5,0.00038936969940550625
