method,search_seed,budget,event_type,inserted,accuracy,search_best_so_far
RE,2701,1,first_evaluation,,0.7066,0.7066
RE,2701,2,first_evaluation,,0.7572,0.7572
RE,2701,3,first_evaluation,,0.6988,0.7572
RE,2701,4,first_evaluation,,0.7056,0.7572
RE,2701,5,first_evaluation,,0.8146,0.8146
RE,2701,6,first_evaluation,,0.768,0.8146
RE,2701,7,first_evaluation,,0.8284,0.8284
RE,2701,8,first_evaluation,,0.6672,0.8284
RE,2701,9,first_evaluation,,0.7226,0.8284
RE,2701,10,first_evaluation,,0.809,0.8284
RE,2701,11,first_evaluation,,0.7654,0.8284
RE,2701,12,first_evaluation,,0.7112,0.8284
RE,2701,13,first_evaluation,,0.7554,0.8284
RE,2701,14,first_evaluation,,0.819,0.8284
RE,2701,15,first_evaluation,,0.6932,0.8284
RE,2701,16,first_evaluation,,0.7486,0.8284
RE,2701,17,first_evaluation,,0.822,0.8284
RE,2701,18,first_evaluation,,0.764,0.8284
RE,2701,19,first_evaluation,,0.7586,0.8284
RE,2701,20,first_evaluation,,0.812,0.8284
RE,2701,21,first_evaluation,,0.769,0.8284
RE,2701,22,first_evaluation,,0.83,0.83
RE,2701,23,first_evaluation,,0.8198,0.83
RE,2701,24,first_evaluation,,0.83,0.83
RE,2701,25,first_evaluation,,0.787,0.83
RE,2701,26,first_evaluation,,0.8174,0.83
RE,2701,27,first_evaluation,,0.759,0.83
RE,2701,28,first_evaluation,,0.8114,0.83
RE,2701,29,first_evaluation,,0.8036,0.83
RE,2701,30,first_evaluation,,0.8102,0.83
SA-RE,2701,1,first_evaluation,,0.7114,0.7114
SA-RE,2701,2,first_evaluation,,0.7572,0.7572
SA-RE,2701,3,first_evaluation,,0.6998,0.7572
SA-RE,2701,4,first_evaluation,,0.7056,0.7572
SA-RE,2701,5,first_evaluation,,0.8146,0.8146
SA-RE,2701,6,first_evaluation,,0.768,0.8146
SA-RE,2701,7,first_evaluation,,0.8284,0.8284
SA-RE,2701,8,first_evaluation,,0.711,0.8284
SA-RE,2701,9,first_evaluation,,0.7226,0.8284
SA-RE,2701,10,first_evaluation,,0.809,0.8284
SA-RE,2701,11,first_evaluation,,0.7788,0.8284
SA-RE,2701,12,first_evaluation,,0.7224,0.8284
SA-RE,2701,13,first_evaluation,,0.7442,0.8284
SA-RE,2701,14,first_evaluation,,0.8184,0.8284
SA-RE,2701,15,first_evaluation,,0.6932,0.8284
SA-RE,2701,16,first_evaluation,,0.7486,0.8284
SA-RE,2701,17,first_evaluation,,0.822,0.8284
SA-RE,2701,18,first_evaluation,,0.757,0.8284
SA-RE,2701,19,first_evaluation,,0.7586,0.8284
SA-RE,2701,20,first_evaluation,,0.812,0.8284
SA-RE,2701,21,first_evaluation,,0.7598,0.8284
SA-RE,2701,22,first_evaluation,,0.7836,0.8284
SA-RE,2701,23,first_evaluation,,0.8234,0.8284
SA-RE,2701,24,first_evaluation,,0.814,0.8284
SA-RE,2701,25,first_evaluation,,0.7958,0.8284
SA-RE,2701,26,first_evaluation,,0.8202,0.8284
SA-RE,2701,27,first_evaluation,,0.8192,0.8284
SA-RE,2701,28,first_evaluation,,0.822,0.8284
SA-RE,2701,29,first_evaluation,,0.8202,0.8284
SA-RE,2701,30,first_evaluation,,0.8196,0.8284
RS-SA-RE,2701,1,first_evaluation,True,0.6998,0.6998
RS-SA-RE,2701,2,first_evaluation,True,0.7572,0.7572
RS-SA-RE,2701,3,first_evaluation,True,0.7276,0.7572
RS-SA-RE,2701,4,first_evaluation,True,0.7056,0.7572
RS-SA-RE,2701,5,first_evaluation,True,0.8146,0.8146
RS-SA-RE,2701,6,first_evaluation,True,0.768,0.8146
RS-SA-RE,2701,7,first_evaluation,True,0.8284,0.8284
RS-SA-RE,2701,8,first_evaluation,True,0.7062,0.8284
RS-SA-RE,2701,9,first_evaluation,True,0.7226,0.8284
RS-SA-RE,2701,10,first_evaluation,True,0.809,0.8284
RS-SA-RE,2701,11,first_evaluation,True,0.783,0.8284
RS-SA-RE,2701,12,first_evaluation,True,0.7256,0.8284
RS-SA-RE,2701,13,first_evaluation,True,0.7262,0.8284
RS-SA-RE,2701,14,first_evaluation,True,0.8226,0.8284
RS-SA-RE,2701,15,first_evaluation,True,0.6932,0.8284
RS-SA-RE,2701,16,first_evaluation,True,0.7486,0.8284
RS-SA-RE,2701,17,first_evaluation,True,0.822,0.8284
RS-SA-RE,2701,18,first_evaluation,True,0.7456,0.8284
RS-SA-RE,2701,19,first_evaluation,True,0.7586,0.8284
RS-SA-RE,2701,20,first_evaluation,True,0.812,0.8284
RS-SA-RE,2701,21,repeat_evaluation,False,0.765,0.8284
RS-SA-RE,2701,22,repeat_evaluation,False,0.7148,0.8284
RS-SA-RE,2701,23,repeat_evaluation,False,0.8216,0.8284
RS-SA-RE,2701,24,repeat_evaluation,False,0.8222,0.8284
RS-SA-RE,2701,25,first_evaluation,True,0.7598,0.8284
RS-SA-RE,2701,26,first_evaluation,True,0.7836,0.8284
RS-SA-RE,2701,27,first_evaluation,True,0.8318,0.8318
RS-SA-RE,2701,28,first_evaluation,True,0.829,0.8318
RS-SA-RE,2701,29,repeat_evaluation,False,0.7638,0.8318
RS-SA-RE,2701,30,first_evaluation,True,0.809,0.8318
RE,2702,1,first_evaluation,,0.7518,0.7518
RE,2702,2,first_evaluation,,0.8044,0.8044
RE,2702,3,first_evaluation,,0.7646,0.8044
RE,2702,4,first_evaluation,,0.8092,0.8092
RE,2702,5,first_evaluation,,0.757,0.8092
RE,2702,6,first_evaluation,,0.6414,0.8092
RE,2702,7,first_evaluation,,0.768,0.8092
RE,2702,8,first_evaluation,,0.7778,0.8092
RE,2702,9,first_evaluation,,0.7482,0.8092
RE,2702,10,first_evaluation,,0.785,0.8092
RE,2702,11,first_evaluation,,0.7664,0.8092
RE,2702,12,first_evaluation,,0.735,0.8092
RE,2702,13,first_evaluation,,0.8124,0.8124
RE,2702,14,first_evaluation,,0.7606,0.8124
RE,2702,15,first_evaluation,,0.7866,0.8124
RE,2702,16,first_evaluation,,0.7564,0.8124
RE,2702,17,first_evaluation,,0.7862,0.8124
RE,2702,18,first_evaluation,,0.801,0.8124
RE,2702,19,first_evaluation,,0.7048,0.8124
RE,2702,20,first_evaluation,,0.6658,0.8124
RE,2702,21,first_evaluation,,0.8156,0.8156
RE,2702,22,first_evaluation,,0.7902,0.8156
RE,2702,23,first_evaluation,,0.7886,0.8156
RE,2702,24,first_evaluation,,0.7976,0.8156
RE,2702,25,first_evaluation,,0.8034,0.8156
RE,2702,26,first_evaluation,,0.7866,0.8156
RE,2702,27,first_evaluation,,0.791,0.8156
RE,2702,28,first_evaluation,,0.8,0.8156
RE,2702,29,first_evaluation,,0.7478,0.8156
RE,2702,30,first_evaluation,,0.813,0.8156
SA-RE,2702,1,first_evaluation,,0.761,0.761
SA-RE,2702,2,first_evaluation,,0.8044,0.8044
SA-RE,2702,3,first_evaluation,,0.7618,0.8044
SA-RE,2702,4,first_evaluation,,0.802,0.8044
SA-RE,2702,5,first_evaluation,,0.7768,0.8044
SA-RE,2702,6,first_evaluation,,0.6414,0.8044
SA-RE,2702,7,first_evaluation,,0.78,0.8044
SA-RE,2702,8,first_evaluation,,0.7798,0.8044
SA-RE,2702,9,first_evaluation,,0.732,0.8044
SA-RE,2702,10,first_evaluation,,0.785,0.8044
SA-RE,2702,11,first_evaluation,,0.7622,0.8044
SA-RE,2702,12,first_evaluation,,0.7576,0.8044
SA-RE,2702,13,first_evaluation,,0.8186,0.8186
SA-RE,2702,14,first_evaluation,,0.754,0.8186
SA-RE,2702,15,first_evaluation,,0.7788,0.8186
SA-RE,2702,16,first_evaluation,,0.7564,0.8186
SA-RE,2702,17,first_evaluation,,0.7718,0.8186
SA-RE,2702,18,first_evaluation,,0.801,0.8186
SA-RE,2702,19,first_evaluation,,0.7048,0.8186
SA-RE,2702,20,first_evaluation,,0.6722,0.8186
SA-RE,2702,21,first_evaluation,,0.8172,0.8186
SA-RE,2702,22,first_evaluation,,0.8192,0.8192
SA-RE,2702,23,first_evaluation,,0.8232,0.8232
SA-RE,2702,24,first_evaluation,,0.8062,0.8232
SA-RE,2702,25,first_evaluation,,0.8212,0.8232
SA-RE,2702,26,first_evaluation,,0.8092,0.8232
SA-RE,2702,27,first_evaluation,,0.813,0.8232
SA-RE,2702,28,first_evaluation,,0.803,0.8232
SA-RE,2702,29,first_evaluation,,0.8138,0.8232
SA-RE,2702,30,first_evaluation,,0.817,0.8232
RS-SA-RE,2702,1,first_evaluation,True,0.762,0.762
RS-SA-RE,2702,2,first_evaluation,True,0.8044,0.8044
RS-SA-RE,2702,3,first_evaluation,True,0.7636,0.8044
RS-SA-RE,2702,4,first_evaluation,True,0.8024,0.8044
RS-SA-RE,2702,5,first_evaluation,True,0.783,0.8044
RS-SA-RE,2702,6,first_evaluation,True,0.6414,0.8044
RS-SA-RE,2702,7,first_evaluation,True,0.7768,0.8044
RS-SA-RE,2702,8,first_evaluation,True,0.7862,0.8044
RS-SA-RE,2702,9,first_evaluation,True,0.7146,0.8044
RS-SA-RE,2702,10,first_evaluation,True,0.785,0.8044
RS-SA-RE,2702,11,first_evaluation,True,0.7764,0.8044
RS-SA-RE,2702,12,first_evaluation,True,0.7456,0.8044
RS-SA-RE,2702,13,first_evaluation,True,0.8098,0.8098
RS-SA-RE,2702,14,first_evaluation,True,0.7652,0.8098
RS-SA-RE,2702,15,first_evaluation,True,0.779,0.8098
RS-SA-RE,2702,16,first_evaluation,True,0.7564,0.8098
RS-SA-RE,2702,17,first_evaluation,True,0.7866,0.8098
RS-SA-RE,2702,18,first_evaluation,True,0.801,0.8098
RS-SA-RE,2702,19,first_evaluation,True,0.7048,0.8098
RS-SA-RE,2702,20,first_evaluation,True,0.6726,0.8098
RS-SA-RE,2702,21,repeat_evaluation,False,0.765,0.8098
RS-SA-RE,2702,22,repeat_evaluation,False,0.7906,0.8098
RS-SA-RE,2702,23,repeat_evaluation,False,0.7566,0.8098
RS-SA-RE,2702,24,repeat_evaluation,False,0.7936,0.8098
RS-SA-RE,2702,25,first_evaluation,True,0.8172,0.8172
RS-SA-RE,2702,26,first_evaluation,True,0.8192,0.8192
RS-SA-RE,2702,27,first_evaluation,True,0.806,0.8192
RS-SA-RE,2702,28,first_evaluation,True,0.8184,0.8192
RS-SA-RE,2702,29,repeat_evaluation,False,0.7728,0.8192
RS-SA-RE,2702,30,first_evaluation,True,0.8244,0.8244
